,RMSD,P-VALUE,INF-ALL,INF-WC,INF-NWC,INF-STACK,DI,MCQ,TM-score,CAD,BARNABA-RMSD,BARNABA-eRMSD,BARNABA-eSCORE,CLASH,GDT-TS,GDT-TS@1,GDT-TS@2,GDT-TS@4,GDT-TS@8,lDDT
normalized_alphafold3_2A64_1.pdb,7.137,0.0,0.79,0.949,0.524,0.747,9.039,17.88,0.733,0.304,0.721,1.053,7.248,0.0,0.205,0.054,0.144,0.255,0.369,0.646
normalized_trrosettarna_2A64_5.pdb,29.666,0.0,0.501,0.479,0.0,0.564,59.212,32.07,0.306,0.249,3.009,1.805,3.359,0.0,0.086,0.037,0.07,0.101,0.138,0.371
normalized_trrosettarna_2A64_1.pdb,33.821,0.0,0.575,0.655,0.0,0.592,58.776,27.41,0.325,0.253,3.443,1.648,4.694,0.0,0.085,0.037,0.064,0.101,0.138,0.401
normalized_rhofold_2A64.pdb,34.65,0.0,0.009,0.0,0.0,0.019,3794.812,75.19,0.135,0.053,3.511,3.162,1.398,0.0,0.023,0.007,0.013,0.02,0.05,0.0
normalized_3drna_2A64_3.pdb,35.355,0.0,0.492,0.564,0.0,0.509,71.901,35.56,0.226,0.229,3.59,2.029,3.564,0.0,0.072,0.027,0.067,0.081,0.114,0.226
normalized_3drna_2A64_4.pdb,35.371,0.0,0.331,0.348,0.0,0.372,106.738,40.92,0.221,0.188,3.583,2.275,3.052,0.0,0.08,0.047,0.077,0.087,0.107,0.098
normalized_3drna_2A64_5.pdb,36.822,0.0,0.432,0.525,0.0,0.444,85.274,38.25,0.165,0.234,3.727,2.158,3.54,0.0,0.076,0.067,0.07,0.074,0.094,0.191
normalized_3drna_2A64_2.pdb,38.12,0.0,0.382,0.439,0.0,0.407,99.838,38.69,0.214,0.194,3.859,2.243,3.206,0.0,0.068,0.05,0.067,0.074,0.081,0.124
normalized_trrosettarna_2A64_2.pdb,38.673,1.1102230246251565e-16,0.57,0.591,0.0,0.611,67.818,28.61,0.208,0.251,3.936,1.713,4.346,0.0,0.085,0.044,0.07,0.101,0.124,0.387
normalized_trrosettarna_2A64_3.pdb,38.675,1.1102230246251565e-16,0.597,0.657,0.0,0.618,64.782,27.51,0.279,0.252,3.91,1.641,4.485,0.0,0.081,0.04,0.07,0.097,0.117,0.386
normalized_3drna_2A64_1.pdb,38.822,2.220446049250313e-16,0.563,0.613,0.0,0.585,68.938,31.98,0.215,0.267,3.927,1.837,4.011,0.0,0.091,0.057,0.077,0.101,0.131,0.306
normalized_trrosettarna_2A64_4.pdb,40.705,6.847855615887966e-13,0.528,0.543,0.0,0.566,77.047,30.15,0.275,0.253,4.122,1.735,4.076,0.0,0.081,0.037,0.07,0.101,0.114,0.381
normalized_simrna_2A64.pdb,54.398,0.6984093348369569,0.594,0.656,0.047,0.622,91.598,27.64,0.14,0.267,5.471,1.837,5.866,0.0,0.066,0.027,0.054,0.077,0.107,0.006
