,RMSD,P-VALUE,INF-ALL,INF-WC,INF-NWC,INF-STACK,DI,MCQ,TM-score,CAD,BARNABA-RMSD,BARNABA-eRMSD,BARNABA-eSCORE,CLASH,GDT-TS,GDT-TS@1,GDT-TS@2,GDT-TS@4,GDT-TS@8,lDDT
normalized_rhofold_1ddy_e.pdb,1.717,1.8596235662471372e-13,0.759,0.853,0.516,0.77,2.261,58.16,0.48,,0.193,0.804,0.462,0.0,0.843,0.486,0.886,1.0,1.0,0.702
normalized_alphafold3_1ddy_e.pdb,5.382,8.499161169295277e-08,0.642,0.572,,0.704,8.382,21.97,0.297,,0.607,1.36,0.633,0.0,0.571,0.314,0.457,0.657,0.857,0.581
normalized_rnacomposer_1ddy_e.pdb,18.113,0.9673618405436107,0.177,0.114,0.0,0.237,102.461,45.84,0.184,,1.884,2.162,0.26,0.0,0.229,0.143,0.171,0.229,0.371,0.279
normalized_rnajp_1ddy_e.pdb,20.944,0.9996829198830831,0.462,0.342,0.0,0.556,45.346,39.05,0.148,,2.052,2.046,0.409,0.0,0.336,0.171,0.257,0.343,0.571,0.0
