,RMSD,P-VALUE,INF-ALL,INF-WC,INF-NWC,INF-STACK,DI,MCQ,TM-score,CAD,BARNABA-RMSD,BARNABA-eRMSD,BARNABA-eSCORE,CLASH,GDT-TS,GDT-TS@1,GDT-TS@2,GDT-TS@4,GDT-TS@8,lDDT
normalized_rnacomposer_1f1t_a.pdb,2.584,1.358357870628879e-13,0.882,1.0,0.632,0.863,2.929,20.17,0.354,0.842,0.238,0.705,0.837,0.0,0.737,0.316,0.632,1.0,1.0,0.784
normalized_rhofold_1f1t_a.pdb,3.003,7.475686736313492e-13,0.735,0.961,0.516,0.647,4.086,54.0,0.335,0.747,0.284,1.09,0.766,0.0,0.697,0.21,0.605,0.974,1.0,0.596
normalized_rnajp_1f1t_a.pdb,5.686,1.1746632055942285e-08,0.704,1.0,0.0,0.669,8.081,24.57,0.268,0.677,0.562,1.465,1.186,0.0,0.526,0.21,0.395,0.579,0.921,0.108
normalized_alphafold3_1f1t_a.pdb,7.002,6.082601244905561e-07,0.764,0.964,0.447,0.716,9.164,22.61,0.286,0.746,0.705,1.32,1.239,0.0,0.493,0.263,0.395,0.553,0.763,0.579
