,RMSD,P-VALUE,INF-ALL,INF-WC,INF-NWC,INF-STACK,DI,MCQ,TM-score,CAD,BARNABA-RMSD,BARNABA-eRMSD,BARNABA-eSCORE,CLASH,GDT-TS,GDT-TS@1,GDT-TS@2,GDT-TS@4,GDT-TS@8,lDDT
normalized_rnacomposer_1g1x_d.pdb,12.794,0.02436155897736836,0.817,0.866,0.707,0.82,15.66,15.82,0.259,,1.439,0.948,0.446,0.0,0.375,0.275,0.3,0.4,0.525,0.689
normalized_rnajp_1g1x_d.pdb,13.273,0.044110131315202306,0.758,0.707,0.707,0.774,17.514,21.43,0.216,,1.383,1.1,0.548,0.0,0.319,0.2,0.3,0.35,0.425,0.0
normalized_rhofold_1g1x_d.pdb,14.611,0.16808883387764872,0.671,0.866,0.5,0.683,21.78,64.48,0.188,,1.564,1.258,0.215,0.0,0.344,0.175,0.3,0.375,0.525,0.561
normalized_alphafold3_1g1x_d.pdb,19.01,0.9308956382495024,0.74,0.548,0.577,0.801,25.701,14.74,0.259,,1.992,1.65,0.883,0.0,0.381,0.275,0.3,0.375,0.575,0.613
