,RMSD,P-VALUE,INF-ALL,INF-WC,INF-NWC,INF-STACK,DI,MCQ,TM-score,CAD,BARNABA-RMSD,BARNABA-eRMSD,BARNABA-eSCORE,CLASH,GDT-TS,GDT-TS@1,GDT-TS@2,GDT-TS@4,GDT-TS@8,lDDT
normalized_rhofold_1gtf_w.pdb,5.647,2.2850887848591128e-11,0.804,,,0.853,7.024,68.34,0.202,,0.528,0.646,0.0,0.0,0.244,0.068,0.136,0.273,0.5,0.611
normalized_rnajp_1gtf_w.pdb,29.278,0.9999999999700491,0.449,,,0.51,65.14,41.03,0.103,,3.006,1.701,0.0,0.0,0.136,0.091,0.114,0.136,0.204,0.0
normalized_alphafold3_1gtf_w.pdb,30.921,0.9999999999999556,0.151,,,0.182,205.106,50.23,0.086,,3.098,2.07,0.0,0.0,0.114,0.091,0.091,0.091,0.182,0.399
normalized_rnacomposer_1gtf_w.pdb,34.985,1.0,0.577,,,0.577,60.597,30.71,0.08,,3.605,1.174,0.0,0.0,0.136,0.091,0.114,0.136,0.204,0.452
