,RMSD,P-VALUE,INF-ALL,INF-WC,INF-NWC,INF-STACK,DI,MCQ,TM-score,CAD,BARNABA-RMSD,BARNABA-eRMSD,BARNABA-eSCORE,CLASH,GDT-TS,GDT-TS@1,GDT-TS@2,GDT-TS@4,GDT-TS@8,lDDT
normalized_rhofold_1gtn_w.pdb,5.991,8.108036464449242e-11,0.753,,,0.818,7.96,75.27,0.162,,0.584,0.775,0.0,0.0,0.239,0.091,0.136,0.25,0.477,0.255
normalized_rnajp_1gtn_w.pdb,30.333,0.9999999999994983,0.384,,,0.452,79.042,53.43,0.075,,3.1,1.909,0.0,0.0,0.136,0.091,0.091,0.136,0.227,0.001
normalized_rnacomposer_1gtn_w.pdb,30.585,0.9999999999998204,0.205,,,0.251,149.086,47.47,0.079,,3.131,1.981,0.0,0.0,0.142,0.091,0.114,0.159,0.204,0.313
normalized_alphafold3_1gtn_w.pdb,30.603,0.9999999999998332,0.428,,,0.512,71.474,45.94,0.07,,3.138,1.909,0.0,0.0,0.131,0.091,0.114,0.136,0.182,0.237
