,RMSD,P-VALUE,INF-ALL,INF-WC,INF-NWC,INF-STACK,DI,MCQ,TM-score,CAD,BARNABA-RMSD,BARNABA-eRMSD,BARNABA-eSCORE,CLASH,GDT-TS,GDT-TS@1,GDT-TS@2,GDT-TS@4,GDT-TS@8,lDDT
normalized_rhofold_1s03_b.pdb,2.14,0.0,0.833,0.973,,0.785,2.567,48.03,0.567,,0.219,0.712,1.557,0.0,0.793,0.34,0.851,0.979,1.0,0.707
normalized_rnacomposer_1s03_b.pdb,3.913,6.106226635438361e-16,0.738,0.865,0.0,0.714,5.304,26.95,0.349,,0.36,1.156,1.271,0.0,0.628,0.277,0.425,0.808,1.0,0.663
normalized_alphafold3_1s03_b.pdb,4.675,1.6653345369377348e-14,0.771,0.789,0.0,0.791,6.066,19.85,0.291,,0.465,1.126,2.011,0.0,0.558,0.277,0.362,0.617,0.979,0.654
normalized_rnajp_1s03_b.pdb,5.003,6.694644838489694e-14,0.8,0.895,0.0,0.785,6.254,26.3,0.305,,0.479,1.23,1.86,0.0,0.548,0.234,0.362,0.596,1.0,0.098
