,RMSD,P-VALUE,INF-ALL,INF-WC,INF-NWC,INF-STACK,DI,MCQ,TM-score,CAD,BARNABA-RMSD,BARNABA-eRMSD,BARNABA-eSCORE,CLASH,GDT-TS,GDT-TS@1,GDT-TS@2,GDT-TS@4,GDT-TS@8,lDDT
normalized_rhofold_1ykv_b.pdb,2.066,1.532107773982716e-14,0.85,0.943,,0.852,2.43,41.84,0.44,,0.209,0.733,0.607,0.0,0.803,0.395,0.816,1.0,1.0,0.706
normalized_alphafold3_1ykv_b.pdb,6.052,3.705414308718957e-08,0.767,0.853,,0.768,7.891,17.34,0.269,,0.65,1.045,0.966,0.0,0.526,0.289,0.421,0.5,0.895,0.625
normalized_rnacomposer_1ykv_b.pdb,9.758,0.0004466628246923565,0.622,0.894,0.0,0.579,15.691,31.85,0.26,,0.989,1.452,0.571,0.0,0.461,0.289,0.316,0.474,0.763,0.556
normalized_rnajp_1ykv_b.pdb,9.979,0.0006890501591302889,0.751,0.943,0.0,0.733,13.285,31.08,0.191,,1.1,1.351,0.736,0.0,0.349,0.158,0.316,0.395,0.526,0.003
