,RMSD,P-VALUE,INF-ALL,INF-WC,INF-NWC,INF-STACK,DI,MCQ,TM-score,CAD,BARNABA-RMSD,BARNABA-eRMSD,BARNABA-eSCORE,CLASH,GDT-TS,GDT-TS@1,GDT-TS@2,GDT-TS@4,GDT-TS@8,lDDT
normalized_rnacomposer_1zho_b.pdb,1.703,3.164135620181696e-15,0.93,1.0,1.0,0.897,1.83,10.76,0.65,,0.181,0.4,1.158,0.0,0.875,0.658,0.842,1.0,1.0,0.898
normalized_rhofold_1zho_b.pdb,1.867,6.494804694057166e-15,0.893,1.0,1.0,0.84,2.091,41.89,0.447,,0.198,0.735,1.288,0.0,0.789,0.368,0.789,1.0,1.0,0.716
normalized_rnajp_1zho_b.pdb,4.03,3.909400581036948e-11,0.911,1.0,,0.89,4.422,21.19,0.385,,0.421,0.7,1.64,0.0,0.697,0.342,0.711,0.789,0.947,0.222
normalized_alphafold3_1zho_b.pdb,4.691,4.2086067963964524e-10,0.946,1.0,0.707,0.936,4.961,14.92,0.308,,0.496,0.655,1.636,0.0,0.618,0.316,0.474,0.711,0.974,0.711
