,RMSD,P-VALUE,INF-ALL,INF-WC,INF-NWC,INF-STACK,DI,MCQ,TM-score,CAD,BARNABA-RMSD,BARNABA-eRMSD,BARNABA-eSCORE,CLASH,GDT-TS,GDT-TS@1,GDT-TS@2,GDT-TS@4,GDT-TS@8,lDDT
normalized_rhofold_2gtt_x.pdb,8.554,0.0,0.247,,,0.251,34.601,67.96,0.353,,0.794,1.289,0.719,0.0,0.255,0.051,0.091,0.232,0.646,0.507
normalized_rnacomposer_2gtt_x.pdb,38.536,0.9999998006278996,0.185,,,0.189,207.745,30.21,0.09,,3.927,1.433,0.531,0.0,0.071,0.04,0.051,0.081,0.111,0.395
normalized_alphafold3_2gtt_x.pdb,40.399,0.9999999994846899,0.217,0.0,0.0,0.233,185.907,26.76,0.08,,4.068,1.916,1.959,0.0,0.091,0.051,0.061,0.101,0.151,0.463
normalized_rnajp_2gtt_x.pdb,44.476,1.0,0.158,0.0,0.0,0.18,281.991,36.67,0.108,,4.466,1.876,1.272,0.0,0.088,0.051,0.061,0.091,0.151,0.001
