,RMSD,P-VALUE,INF-ALL,INF-WC,INF-NWC,INF-STACK,DI,MCQ,TM-score,CAD,BARNABA-RMSD,BARNABA-eRMSD,BARNABA-eSCORE,CLASH,GDT-TS,GDT-TS@1,GDT-TS@2,GDT-TS@4,GDT-TS@8,lDDT
normalized_rnajp_3ciy_d.pdb,25.501,0.9999823824263119,0.596,,0.0,0.708,42.793,23.83,0.187,,2.52,1.484,0.78,0.0,0.234,0.152,0.217,0.261,0.304,0.019
normalized_alphafold3_3ciy_d.pdb,25.613,0.9999865848420079,0.682,,,0.8,37.542,10.5,0.335,,2.6,1.515,1.872,0.0,0.44,0.261,0.435,0.522,0.543,0.85
normalized_rnacomposer_3ciy_d.pdb,27.484,0.9999999189734565,0.653,,0.0,0.769,42.104,17.59,0.188,,2.712,1.318,0.977,0.0,0.239,0.152,0.196,0.283,0.326,0.695
normalized_rhofold_3ciy_d.pdb,28.419,0.9999999957495362,0.578,,0.0,0.701,49.168,71.01,0.245,,2.828,1.305,0.368,0.0,0.283,0.174,0.261,0.326,0.37,0.68
