,RMSD,P-VALUE,INF-ALL,INF-WC,INF-NWC,INF-STACK,DI,MCQ,TM-score,CAD,BARNABA-RMSD,BARNABA-eRMSD,BARNABA-eSCORE,CLASH,GDT-TS,GDT-TS@1,GDT-TS@2,GDT-TS@4,GDT-TS@8,lDDT
normalized_rnajp_3ciy_c.pdb,29.748,0.9999999999588562,0.571,,,0.688,52.14,19.98,0.174,,3.044,1.593,0.902,0.0,0.304,0.152,0.261,0.283,0.522,0.002
normalized_alphafold3_3ciy_c.pdb,32.631,0.9999999999999998,0.673,,,0.785,48.466,13.11,0.206,,3.362,1.562,1.39,0.0,0.234,0.152,0.217,0.261,0.304,0.693
normalized_rnacomposer_3ciy_c.pdb,32.912,1.0,0.475,,,0.601,69.287,24.25,0.193,,3.333,1.695,0.652,0.0,0.293,0.152,0.217,0.348,0.457,0.638
normalized_rhofold_3ciy_c.pdb,38.708,1.0,0.365,,,0.474,106.006,68.39,0.127,,3.914,1.815,0.23,0.0,0.19,0.087,0.174,0.217,0.283,0.443
