,RMSD,P-VALUE,INF-ALL,INF-WC,INF-NWC,INF-STACK,DI,MCQ,TM-score,CAD,BARNABA-RMSD,BARNABA-eRMSD,BARNABA-eSCORE,CLASH,GDT-TS,GDT-TS@1,GDT-TS@2,GDT-TS@4,GDT-TS@8,lDDT
normalized_rhofold_3egz_b.pdb,6.82,0.0,0.72,0.947,0.0,0.677,9.466,53.18,0.389,,,,1.139,0.0,0.477,0.185,0.354,0.554,0.815,0.559
normalized_alphafold3_3egz_b.pdb,6.842,0.0,0.777,0.919,0.0,0.782,8.8,13.62,0.372,,,,2.247,0.0,0.504,0.215,0.354,0.6,0.846,0.668
normalized_rnacomposer_3egz_b.pdb,15.639,4.0084450911026526e-05,0.74,0.919,0.0,0.722,21.122,14.78,0.338,,,,1.254,0.0,0.446,0.231,0.339,0.508,0.708,0.595
normalized_rnajp_3egz_b.pdb,15.709,4.7069744883332376e-05,0.768,0.919,0.0,0.765,20.461,21.79,0.397,,,,1.939,0.0,0.519,0.262,0.415,0.677,0.723,0.039
