,RMSD,P-VALUE,INF-ALL,INF-WC,INF-NWC,INF-STACK,DI,MCQ,TM-score,CAD,BARNABA-RMSD,BARNABA-eRMSD,BARNABA-eSCORE,CLASH,GDT-TS,GDT-TS@1,GDT-TS@2,GDT-TS@4,GDT-TS@8,lDDT
normalized_alphafold3_3hhn_c.pdb,3.257,0.0,0.895,0.978,0.516,0.875,3.64,12.17,0.903,,0.341,0.655,5.025,0.0,0.861,0.62,0.898,0.956,0.971,0.802
normalized_rhofold_3hhn_c.pdb,7.518,0.0,0.68,0.801,0.0,0.67,11.059,52.74,0.458,,0.766,1.309,2.041,0.0,0.356,0.08,0.175,0.409,0.759,0.527
normalized_rnajp_3hhn_c.pdb,30.309,0.0022982026438382874,0.732,0.801,0.258,0.721,41.429,23.98,0.214,,3.107,1.409,3.804,0.0,0.192,0.08,0.161,0.212,0.314,0.017
normalized_rnacomposer_3hhn_c.pdb,31.686,0.019286679143101226,0.595,0.677,0.0,0.584,53.26,23.29,0.224,,3.21,1.619,2.907,0.0,0.177,0.124,0.168,0.182,0.234,0.41
