,RMSD,P-VALUE,INF-ALL,INF-WC,INF-NWC,INF-STACK,DI,MCQ,TM-score,CAD,BARNABA-RMSD,BARNABA-eRMSD,BARNABA-eSCORE,CLASH,GDT-TS,GDT-TS@1,GDT-TS@2,GDT-TS@4,GDT-TS@8,lDDT
normalized_rhofold_3id5_d.pdb,9.889,0.005466044716997465,0.715,0.913,0.707,0.667,13.836,,0.292,,,,0.259,0.0,0.606,0.333,0.606,0.727,0.758,0.587
normalized_alphafold3_3id5_d.pdb,17.15,0.9317221604080723,0.475,0.507,0.0,0.54,36.094,,0.16,,,,0.477,0.0,0.371,0.273,0.364,0.394,0.455,0.348
normalized_rnacomposer_3id5_d.pdb,18.462,0.9867169348468428,0.562,0.474,,0.635,32.862,,0.117,,,,0.291,0.0,0.341,0.242,0.333,0.364,0.424,0.377
normalized_rnajp_3id5_d.pdb,18.499,0.9874077518742088,0.429,0.447,0.0,0.456,43.115,,0.11,,,,0.375,0.0,0.364,0.242,0.364,0.394,0.455,0.011
