,RMSD,P-VALUE,INF-ALL,INF-WC,INF-NWC,INF-STACK,DI,MCQ,TM-score,CAD,BARNABA-RMSD,BARNABA-eRMSD,BARNABA-eSCORE,CLASH,GDT-TS,GDT-TS@1,GDT-TS@2,GDT-TS@4,GDT-TS@8,lDDT
normalized_rnacomposer_3nmu_d.pdb,11.863,0.07380496092512212,0.509,0.53,0.577,0.512,23.328,29.74,0.143,,1.331,1.611,0.351,0.0,0.324,0.265,0.294,0.324,0.412,0.508
normalized_rnajp_3nmu_d.pdb,13.285,0.25521977862157885,0.655,0.612,,0.711,20.277,33.89,0.151,,1.433,1.175,0.425,0.0,0.426,0.206,0.294,0.529,0.676,0.015
normalized_alphafold3_3nmu_d.pdb,13.453,0.2860954828195785,0.734,0.707,0.816,0.74,18.328,26.52,0.206,,1.476,1.331,0.485,0.0,0.346,0.235,0.324,0.382,0.441,0.553
normalized_rhofold_3nmu_d.pdb,13.966,0.3897591478693801,0.679,0.756,0.866,0.636,20.573,63.7,0.254,,1.455,1.253,0.372,0.0,0.529,0.235,0.559,0.647,0.676,0.675
