,RMSD,P-VALUE,INF-ALL,INF-WC,INF-NWC,INF-STACK,DI,MCQ,TM-score,CAD,BARNABA-RMSD,BARNABA-eRMSD,BARNABA-eSCORE,CLASH,GDT-TS,GDT-TS@1,GDT-TS@2,GDT-TS@4,GDT-TS@8,lDDT
normalized_rhofold_4b3p_r.pdb,2.658,5.7509249142939645e-05,0.866,,,0.866,3.069,54.08,0.211,,0.271,0.567,0.34,0.0,0.345,0.238,0.381,0.381,0.381,0.741
normalized_alphafold3_4b3p_r.pdb,14.507,0.9967982250680294,0.667,,,0.777,21.753,10.19,0.187,,1.539,1.348,0.378,0.0,0.321,0.238,0.286,0.381,0.381,0.701
normalized_rnacomposer_4b3p_r.pdb,14.578,0.9971622164613265,0.577,,,0.674,25.25,18.27,0.164,,1.501,1.306,0.045,0.0,0.274,0.191,0.238,0.286,0.381,0.625
normalized_rnajp_4b3p_r.pdb,15.492,0.9994695472300528,0.577,,,0.707,26.833,24.08,0.272,,1.588,1.479,0.165,0.0,0.262,0.191,0.238,0.286,0.333,0.0
