,RMSD,P-VALUE,INF-ALL,INF-WC,INF-NWC,INF-STACK,DI,MCQ,TM-score,CAD,BARNABA-RMSD,BARNABA-eRMSD,BARNABA-eSCORE,CLASH,GDT-TS,GDT-TS@1,GDT-TS@2,GDT-TS@4,GDT-TS@8,lDDT
normalized_rhofold_4b3q_r.pdb,5.728,0.015748405204262517,0.849,,,0.849,6.748,50.78,0.209,,0.631,0.654,0.253,0.0,0.429,0.238,0.333,0.524,0.619,0.659
normalized_rnacomposer_4b3q_r.pdb,16.586,0.9999480824818427,0.612,,,0.713,27.099,25.02,0.188,,1.626,1.594,0.328,0.0,0.405,0.191,0.286,0.429,0.714,0.597
normalized_rnajp_4b3q_r.pdb,17.097,0.999984471256887,0.42,,,0.485,40.7,23.99,0.194,,1.657,1.585,0.345,0.0,0.309,0.143,0.286,0.333,0.476,0.023
normalized_alphafold3_4b3q_r.pdb,19.088,0.9999999323558174,0.651,,,0.751,29.33,12.02,0.175,,1.886,1.426,0.927,0.0,0.5,0.381,0.429,0.524,0.667,0.658
