,RMSD,P-VALUE,INF-ALL,INF-WC,INF-NWC,INF-STACK,DI,MCQ,TM-score,CAD,BARNABA-RMSD,BARNABA-eRMSD,BARNABA-eSCORE,CLASH,GDT-TS,GDT-TS@1,GDT-TS@2,GDT-TS@4,GDT-TS@8,lDDT
normalized_rhofold_4c7o_e.pdb,3.678,5.551115123125783e-17,0.862,0.949,0.707,0.827,4.267,39.04,0.416,,0.381,0.728,1.144,0.0,0.609,0.229,0.458,0.75,1.0,0.689
normalized_alphafold3_4c7o_e.pdb,5.599,2.5873747588889273e-13,0.903,0.95,1.0,0.877,6.202,16.26,0.407,,0.567,0.696,1.861,0.0,0.599,0.396,0.5,0.583,0.917,0.768
normalized_rnajp_4c7o_e.pdb,6.88,3.7802372343520574e-11,0.651,0.632,0.0,0.686,10.56,21.84,0.318,,0.69,1.441,1.514,0.0,0.438,0.208,0.354,0.479,0.708,0.026
normalized_rnacomposer_4c7o_e.pdb,8.958,4.291493727048845e-08,0.758,0.868,1.0,0.69,11.816,22.94,0.256,,0.914,1.068,0.958,0.0,0.391,0.188,0.292,0.458,0.625,0.637
