,RMSD,P-VALUE,INF-ALL,INF-WC,INF-NWC,INF-STACK,DI,MCQ,TM-score,CAD,BARNABA-RMSD,BARNABA-eRMSD,BARNABA-eSCORE,CLASH,GDT-TS,GDT-TS@1,GDT-TS@2,GDT-TS@4,GDT-TS@8,lDDT
normalized_rhofold_4k50_b.pdb,2.108,1.1632694807417465e-11,0.851,1.0,1.0,0.805,2.479,,0.352,,,,0.843,0.0,0.82,0.438,0.844,1.0,1.0,0.782
normalized_alphafold3_4k50_b.pdb,8.646,0.0011365405759299896,0.889,1.0,1.0,0.862,9.725,,0.284,,,,1.486,0.0,0.531,0.406,0.531,0.562,0.625,0.888
normalized_rnacomposer_4k50_b.pdb,13.71,0.40572805909121934,0.793,0.775,0.707,0.808,17.297,,0.279,,,,0.869,0.0,0.531,0.344,0.531,0.594,0.656,0.782
normalized_rnajp_4k50_b.pdb,14.055,0.4813446365505092,0.739,0.866,0.5,0.742,19.031,,0.224,,,,0.918,0.0,0.484,0.25,0.531,0.562,0.594,0.028
