,RMSD,P-VALUE,INF-ALL,INF-WC,INF-NWC,INF-STACK,DI,MCQ,TM-score,CAD,BARNABA-RMSD,BARNABA-eRMSD,BARNABA-eSCORE,CLASH,GDT-TS,GDT-TS@1,GDT-TS@2,GDT-TS@4,GDT-TS@8,lDDT
normalized_rhofold_4kr9_m.pdb,4.739,1.6988166429143803e-10,0.73,0.87,0.0,0.709,6.492,47.42,0.347,,0.397,1.228,0.593,0.0,0.66,0.41,0.487,0.744,1.0,0.59
normalized_alphafold3_4kr9_m.pdb,7.125,3.633758237642226e-07,0.738,0.917,0.0,0.695,9.653,27.04,0.348,,0.709,1.208,1.097,0.0,0.558,0.333,0.513,0.564,0.821,0.584
normalized_rnajp_4kr9_m.pdb,7.826,2.503077415616506e-06,0.77,0.917,,0.726,10.161,29.23,0.334,,0.764,1.305,0.984,0.0,0.596,0.359,0.513,0.692,0.821,0.066
normalized_rnacomposer_4kr9_m.pdb,14.243,0.15882760489700776,0.677,0.917,0.0,0.591,21.046,27.94,0.265,,1.474,1.291,0.865,0.0,0.429,0.256,0.41,0.513,0.538,0.525
