,RMSD,P-VALUE,INF-ALL,INF-WC,INF-NWC,INF-STACK,DI,MCQ,TM-score,CAD,BARNABA-RMSD,BARNABA-eRMSD,BARNABA-eSCORE,CLASH,GDT-TS,GDT-TS@1,GDT-TS@2,GDT-TS@4,GDT-TS@8,lDDT
normalized_rhofold_4m4o_b.pdb,7.136,1.3877787807814457e-15,0.732,0.791,0.0,0.762,9.752,51.07,0.455,,0.693,1.496,1.33,0.0,0.576,0.254,0.475,0.695,0.881,0.563
normalized_alphafold3_4m4o_b.pdb,8.229,1.4988010832439613e-13,0.75,0.884,,0.732,10.972,16.39,0.45,,0.8,1.383,2.43,0.0,0.521,0.237,0.407,0.644,0.797,0.628
normalized_rnajp_4m4o_b.pdb,9.11,5.046851825341037e-12,0.706,0.763,0.0,0.732,12.903,25.54,0.3,,0.925,1.435,2.059,0.0,0.381,0.152,0.339,0.458,0.576,0.028
normalized_rnacomposer_4m4o_b.pdb,12.375,3.004373432258234e-07,0.626,0.64,0.0,0.66,19.762,22.51,0.49,,1.304,1.764,1.781,0.0,0.504,0.305,0.458,0.593,0.661,0.517
