,RMSD,P-VALUE,INF-ALL,INF-WC,INF-NWC,INF-STACK,DI,MCQ,TM-score,CAD,BARNABA-RMSD,BARNABA-eRMSD,BARNABA-eSCORE,CLASH,GDT-TS,GDT-TS@1,GDT-TS@2,GDT-TS@4,GDT-TS@8,lDDT
normalized_alphafold3_4mgn_a.pdb,7.638,0.0,0.849,0.926,0.378,0.86,8.992,9.99,0.427,0.812,0.759,1.053,2.734,0.0,0.483,0.209,0.314,0.581,0.826,0.689
normalized_rnajp_4mgn_a.pdb,9.606,0.0,0.786,0.939,0.267,0.789,12.219,21.29,0.454,0.77,0.991,1.194,2.507,0.0,0.477,0.174,0.419,0.593,0.721,0.087
normalized_rnacomposer_4mgn_a.pdb,15.462,6.077549574712293e-11,0.596,0.501,0.154,0.671,25.931,20.11,0.269,0.651,1.571,1.857,2.132,0.0,0.241,0.128,0.174,0.233,0.43,0.454
normalized_rhofold_4mgn_a.pdb,19.947,3.9859421448629195e-05,0.343,0.347,0.0,0.435,58.122,55.79,0.263,0.561,2.042,2.264,0.889,0.0,0.233,0.093,0.14,0.233,0.465,0.288
