,RMSD,P-VALUE,INF-ALL,INF-WC,INF-NWC,INF-STACK,DI,MCQ,TM-score,CAD,BARNABA-RMSD,BARNABA-eRMSD,BARNABA-eSCORE,CLASH,GDT-TS,GDT-TS@1,GDT-TS@2,GDT-TS@4,GDT-TS@8,lDDT
normalized_rnajp_4oog_d.pdb,2.646,2.5335455955399766e-11,0.947,1.0,,0.924,2.795,17.56,0.362,,0.24,0.482,2.293,0.0,0.743,0.324,0.647,1.0,1.0,0.167
normalized_rnacomposer_4oog_d.pdb,2.936,7.38113459242129e-11,0.874,1.0,,0.815,3.359,14.54,0.358,,0.267,0.678,1.435,0.0,0.743,0.353,0.676,0.941,1.0,0.783
normalized_alphafold3_4oog_d.pdb,3.471,4.963841560012838e-10,0.918,1.0,,0.886,3.779,12.52,0.406,,0.308,0.778,2.422,0.0,0.765,0.441,0.735,0.882,1.0,0.838
normalized_rhofold_4oog_d.pdb,3.772,1.3956582001206641e-09,0.876,1.0,,0.82,4.303,42.08,0.354,,0.345,0.819,1.255,0.0,0.728,0.382,0.676,0.853,1.0,0.741
