,RMSD,P-VALUE,INF-ALL,INF-WC,INF-NWC,INF-STACK,DI,MCQ,TM-score,CAD,BARNABA-RMSD,BARNABA-eRMSD,BARNABA-eSCORE,CLASH,GDT-TS,GDT-TS@1,GDT-TS@2,GDT-TS@4,GDT-TS@8,lDDT
normalized_alphafold3_4pmi_a.pdb,2.612,1.1934897514720433e-14,0.925,0.968,0.577,0.93,2.824,12.64,0.428,0.91,,,1.378,0.0,0.75,0.425,0.575,1.0,1.0,0.836
normalized_rhofold_4pmi_a.pdb,3.229,1.6064927166326015e-13,0.65,0.69,0.0,0.686,4.969,47.65,0.363,0.819,,,0.73,0.0,0.662,0.275,0.525,0.85,1.0,0.64
normalized_rnajp_4pmi_a.pdb,4.808,7.398931467506031e-11,0.703,0.856,0.0,0.697,6.841,26.47,0.249,0.762,,,1.104,0.0,0.562,0.225,0.375,0.675,0.975,0.016
normalized_rnacomposer_4pmi_a.pdb,7.639,6.657208189153607e-07,0.836,0.966,0.0,0.843,9.135,21.13,0.374,0.833,,,0.837,0.0,0.562,0.325,0.5,0.65,0.775,0.704
