,RMSD,P-VALUE,INF-ALL,INF-WC,INF-NWC,INF-STACK,DI,MCQ,TM-score,CAD,BARNABA-RMSD,BARNABA-eRMSD,BARNABA-eSCORE,CLASH,GDT-TS,GDT-TS@1,GDT-TS@2,GDT-TS@4,GDT-TS@8,lDDT
normalized_rhofold_4rmo_p.pdb,2.625,0.0,0.741,0.9,0.378,0.76,3.542,61.3,0.442,,0.241,1.067,0.514,0.0,0.728,0.222,0.689,1.0,1.0,0.649
normalized_alphafold3_4rmo_p.pdb,5.768,1.2559397966072083e-11,0.74,0.913,0.0,0.773,7.795,18.98,0.297,,0.569,1.347,0.92,0.0,0.55,0.244,0.333,0.689,0.933,0.578
normalized_rnacomposer_4rmo_p.pdb,23.465,0.9992087690403568,0.291,0.0,,0.428,80.723,33.68,0.244,,2.31,2.189,0.56,0.0,0.233,0.133,0.156,0.244,0.4,0.258
normalized_rnajp_4rmo_p.pdb,25.008,0.999970422725135,0.343,0.0,,0.502,72.857,27.75,0.278,,2.532,2.303,0.894,0.0,0.261,0.133,0.2,0.289,0.422,0.023
