,RMSD,P-VALUE,INF-ALL,INF-WC,INF-NWC,INF-STACK,DI,MCQ,TM-score,CAD,BARNABA-RMSD,BARNABA-eRMSD,BARNABA-eSCORE,CLASH,GDT-TS,GDT-TS@1,GDT-TS@2,GDT-TS@4,GDT-TS@8,lDDT
normalized_rnacomposer_4v4y_a1.pdb,22.357,0.9637411309149813,0.476,,,0.49,46.939,28.19,0.124,0.689,2.287,1.055,0.373,0.0,0.195,0.1,0.12,0.22,0.34,0.406
normalized_rnajp_4v4y_a1.pdb,29.122,0.9999999860828034,0.387,,0.0,0.485,75.156,33.21,0.134,0.673,2.971,1.57,0.558,0.0,0.185,0.1,0.16,0.2,0.28,0.003
normalized_rhofold_4v4y_a1.pdb,30.258,0.9999999996902423,0.216,,0.0,0.25,139.892,82.26,0.117,0.621,2.97,1.496,0.162,0.0,0.21,0.08,0.16,0.26,0.34,0.378
normalized_alphafold3_4v4y_a1.pdb,34.15,1.0,0.513,,,0.572,66.543,26.97,0.205,0.691,3.407,1.902,0.864,0.0,0.17,0.1,0.12,0.2,0.26,0.444
