,RMSD,P-VALUE,INF-ALL,INF-WC,INF-NWC,INF-STACK,DI,MCQ,TM-score,CAD,BARNABA-RMSD,BARNABA-eRMSD,BARNABA-eSCORE,CLASH,GDT-TS,GDT-TS@1,GDT-TS@2,GDT-TS@4,GDT-TS@8,lDDT
normalized_rhofold_4v83_av.pdb,4.747,1.1897145657524533e-08,0.605,0.645,,0.622,7.843,47.21,0.312,0.788,0.492,1.298,0.586,0.0,0.629,0.257,0.543,0.8,0.914,0.616
normalized_rnacomposer_4v83_av.pdb,17.785,0.9516732775860375,0.711,0.735,,0.699,25.02,27.48,0.248,0.751,1.775,1.449,0.612,0.0,0.536,0.229,0.4,0.686,0.829,0.51
normalized_alphafold3_4v83_av.pdb,20.561,0.9993207046798752,0.783,0.778,,0.799,26.273,11.12,0.43,0.842,2.09,1.063,1.019,0.0,0.743,0.514,0.8,0.829,0.829,0.695
normalized_rnajp_4v83_av.pdb,21.68,0.9999346208177613,0.726,0.778,,0.712,29.866,21.59,0.252,0.789,2.179,1.296,0.896,0.0,0.593,0.257,0.543,0.743,0.829,0.036
