,RMSD,P-VALUE,INF-ALL,INF-WC,INF-NWC,INF-STACK,DI,MCQ,TM-score,CAD,BARNABA-RMSD,BARNABA-eRMSD,BARNABA-eSCORE,CLASH,GDT-TS,GDT-TS@1,GDT-TS@2,GDT-TS@4,GDT-TS@8,lDDT
normalized_rnajp_4v8m_bf.pdb,17.892,0.0001301051191835434,0.24,0.0,0.0,0.339,74.698,46.35,0.162,,1.852,2.041,0.497,0.0,0.147,0.082,0.11,0.151,0.247,0.015
normalized_rnacomposer_4v8m_bf.pdb,18.617,0.0005787843937787307,0.231,0.0,,0.318,80.63,42.84,0.166,,1.936,2.116,0.553,0.0,0.151,0.082,0.096,0.164,0.26,0.292
normalized_alphafold3_4v8m_bf.pdb,18.731,0.0007213012671173913,0.271,0.0,0.0,0.375,69.2,40.53,0.192,,1.98,2.244,0.825,0.0,0.164,0.082,0.11,0.178,0.288,0.294
normalized_rhofold_4v8m_bf.pdb,24.622,0.5345856526861805,0.071,0.0,0.0,0.11,345.878,76.13,0.164,,2.455,2.224,0.335,0.0,0.137,0.069,0.096,0.151,0.233,0.266
