,RMSD,P-VALUE,INF-ALL,INF-WC,INF-NWC,INF-STACK,DI,MCQ,TM-score,CAD,BARNABA-RMSD,BARNABA-eRMSD,BARNABA-eSCORE,CLASH,GDT-TS,GDT-TS@1,GDT-TS@2,GDT-TS@4,GDT-TS@8,lDDT
normalized_alphafold3_4v8m_bh.pdb,20.101,5.551115123125783e-17,0.398,0.229,0.0,0.495,50.542,26.72,0.371,,2.08,2.193,1.632,0.0,0.144,0.074,0.118,0.156,0.23,0.344
normalized_rhofold_4v8m_bh.pdb,25.888,1.4559348449072473e-07,0.097,0.0,0.0,0.156,267.653,70.3,0.277,,2.642,2.631,0.761,0.0,0.135,0.037,0.059,0.163,0.281,0.194
normalized_rnacomposer_4v8m_bh.pdb,44.697,0.9999999481080847,0.376,0.229,0.12,0.459,118.945,35.28,0.227,,4.504,2.269,1.328,0.0,0.126,0.059,0.111,0.156,0.178,0.293
normalized_rnajp_4v8m_bh.pdb,49.374,0.9999999999999988,0.374,0.22,0.0,0.47,131.84,30.05,0.239,,4.963,2.226,1.464,0.0,0.141,0.059,0.111,0.178,0.215,0.036
