,RMSD,P-VALUE,INF-ALL,INF-WC,INF-NWC,INF-STACK,DI,MCQ,TM-score,CAD,BARNABA-RMSD,BARNABA-eRMSD,BARNABA-eSCORE,CLASH,GDT-TS,GDT-TS@1,GDT-TS@2,GDT-TS@4,GDT-TS@8,lDDT
normalized_rhofold_4w29_av.pdb,19.324,0.9903259215156412,0.195,,,0.202,99.005,79.89,0.098,0.695,1.894,1.192,0.15,0.0,0.222,0.111,0.167,0.25,0.361,0.494
normalized_rnajp_4w29_av.pdb,21.591,0.9998398280832477,0.429,,,0.473,50.379,46.84,0.129,0.743,2.181,1.463,0.207,0.0,0.285,0.139,0.222,0.278,0.5,0.0
normalized_rnacomposer_4w29_av.pdb,21.711,0.9998763328669515,0.371,,,0.371,58.58,42.19,0.115,0.752,2.317,1.084,0.198,0.0,0.278,0.139,0.222,0.278,0.472,0.521
normalized_alphafold3_4w29_av.pdb,26.078,0.999999999440149,0.418,,,0.441,62.339,40.96,0.13,0.739,2.683,1.539,0.146,0.0,0.25,0.111,0.167,0.306,0.417,0.556
