,RMSD,P-VALUE,INF-ALL,INF-WC,INF-NWC,INF-STACK,DI,MCQ,TM-score,CAD,BARNABA-RMSD,BARNABA-eRMSD,BARNABA-eSCORE,CLASH,GDT-TS,GDT-TS@1,GDT-TS@2,GDT-TS@4,GDT-TS@8,lDDT
normalized_rhofold_4x4s_b.pdb,1.891,3.7930769636318473e-13,0.85,1.0,0.0,0.815,2.225,33.17,0.55,,0.18,0.792,1.217,0.0,0.75,0.571,0.771,0.8,0.857,0.794
normalized_rnacomposer_4x4s_b.pdb,2.331,2.1940227412642344e-12,0.866,1.0,1.0,0.794,2.692,21.71,0.379,,0.228,0.569,0.798,0.0,0.686,0.4,0.657,0.8,0.886,0.77
normalized_rnajp_4x4s_b.pdb,2.97,2.5279667248412352e-11,0.879,1.0,1.0,0.824,3.378,20.58,0.328,,0.309,0.618,1.419,0.0,0.643,0.286,0.657,0.771,0.857,0.081
normalized_alphafold3_4x4s_b.pdb,3.095,4.016770249748447e-11,0.897,1.0,1.0,0.853,3.449,12.02,0.377,,0.312,0.599,1.574,0.0,0.693,0.429,0.657,0.8,0.886,0.834
