,RMSD,P-VALUE,INF-ALL,INF-WC,INF-NWC,INF-STACK,DI,MCQ,TM-score,CAD,BARNABA-RMSD,BARNABA-eRMSD,BARNABA-eSCORE,CLASH,GDT-TS,GDT-TS@1,GDT-TS@2,GDT-TS@4,GDT-TS@8,lDDT
normalized_alphafold3_5btm_b.pdb,2.687,3.3306690738754696e-16,0.928,0.935,0.816,0.934,2.895,13.58,0.478,,0.273,0.524,1.61,0.0,0.256,0.163,0.209,0.256,0.395,0.886
normalized_rnajp_5btm_b.pdb,5.186,1.1667666832693158e-11,0.81,0.845,0.577,0.825,6.401,22.32,0.328,,0.521,0.803,1.143,0.0,0.238,0.116,0.163,0.302,0.372,0.007
normalized_rnacomposer_5btm_b.pdb,5.82,1.2175732644337245e-10,0.869,0.845,0.816,0.882,6.697,18.31,0.404,,0.606,0.924,0.775,0.0,0.256,0.163,0.163,0.326,0.372,0.722
normalized_rhofold_5btm_b.pdb,7.301,1.8124839795685688e-08,0.641,0.535,0.236,0.764,11.382,52.75,0.291,,0.759,1.578,0.289,0.0,0.256,0.116,0.233,0.302,0.372,0.468
