,RMSD,P-VALUE,INF-ALL,INF-WC,INF-NWC,INF-STACK,DI,MCQ,TM-score,CAD,BARNABA-RMSD,BARNABA-eRMSD,BARNABA-eSCORE,CLASH,GDT-TS,GDT-TS@1,GDT-TS@2,GDT-TS@4,GDT-TS@8,lDDT
normalized_rhofold_5czz_b.pdb,2.285,0.0,0.857,0.946,0.707,0.836,2.665,,0.733,,,,1.503,0.0,0.778,0.347,0.792,0.972,1.0,0.72
normalized_alphafold3_5czz_b.pdb,14.298,8.091140701882438e-09,0.789,0.618,0.408,0.859,18.125,,0.452,,,,3.025,0.0,0.535,0.292,0.486,0.611,0.75,0.718
normalized_rnajp_5czz_b.pdb,16.805,1.0418473255335847e-05,0.758,0.631,0.5,0.813,22.169,,0.355,,,,2.669,0.0,0.406,0.208,0.361,0.486,0.569,0.072
normalized_rnacomposer_5czz_b.pdb,17.691,8.362463278965837e-05,0.758,0.847,0.354,0.753,23.345,,0.338,,,,1.645,0.0,0.371,0.236,0.319,0.375,0.556,0.687
