,RMSD,P-VALUE,INF-ALL,INF-WC,INF-NWC,INF-STACK,DI,MCQ,TM-score,CAD,BARNABA-RMSD,BARNABA-eRMSD,BARNABA-eSCORE,CLASH,GDT-TS,GDT-TS@1,GDT-TS@2,GDT-TS@4,GDT-TS@8,lDDT
normalized_rhofold_5dcv_b.pdb,5.513,5.430100813441641e-13,0.66,0.836,0.158,0.718,8.356,60.77,0.353,,0.559,1.38,0.51,0.0,0.213,0.128,0.192,0.234,0.298,0.63
normalized_alphafold3_5dcv_b.pdb,6.03,4.204192549650543e-12,0.825,0.923,0.671,0.808,7.31,29.36,0.414,,0.612,0.845,0.711,0.0,0.239,0.192,0.213,0.234,0.319,0.806
normalized_rnacomposer_5dcv_b.pdb,14.18,0.010606722155073967,0.685,0.923,0.25,0.637,20.711,39.57,0.204,,1.48,1.392,0.462,0.0,0.186,0.106,0.128,0.213,0.298,0.538
normalized_rnajp_5dcv_b.pdb,14.81,0.02534308953670128,0.612,0.641,0.224,0.653,24.208,40.18,0.261,,1.559,1.556,0.784,0.0,0.213,0.106,0.213,0.234,0.298,0.011
