,RMSD,P-VALUE,INF-ALL,INF-WC,INF-NWC,INF-STACK,DI,MCQ,TM-score,CAD,BARNABA-RMSD,BARNABA-eRMSD,BARNABA-eSCORE,CLASH,GDT-TS,GDT-TS@1,GDT-TS@2,GDT-TS@4,GDT-TS@8,lDDT
normalized_rhofold_5dea_a.pdb,3.17,5.3044124648238267e-11,0.679,0.857,0.372,0.764,4.67,62.7,0.267,0.651,0.281,1.468,0.42,0.0,0.686,0.2,0.543,1.0,1.0,0.52
normalized_rnajp_5dea_a.pdb,6.314,1.2313479673675687e-06,0.68,0.772,0.679,0.667,9.291,35.79,0.283,0.617,0.585,1.648,0.682,0.0,0.529,0.229,0.371,0.543,0.971,0.015
normalized_alphafold3_5dea_a.pdb,6.417,1.6262789798715538e-06,0.488,0.598,0.0,0.624,13.155,27.24,0.29,0.581,0.634,2.017,0.692,0.0,0.557,0.314,0.371,0.629,0.914,0.369
normalized_rnacomposer_5dea_a.pdb,13.341,0.20972323687003303,0.411,0.756,0.0,0.428,32.477,31.35,0.284,0.49,1.355,2.081,0.499,0.0,0.436,0.314,0.371,0.457,0.6,0.363
