,RMSD,P-VALUE,INF-ALL,INF-WC,INF-NWC,INF-STACK,DI,MCQ,TM-score,CAD,BARNABA-RMSD,BARNABA-eRMSD,BARNABA-eSCORE,CLASH,GDT-TS,GDT-TS@1,GDT-TS@2,GDT-TS@4,GDT-TS@8,lDDT
normalized_rhofold_5fj4_d.pdb,2.378,2.6364466165773592e-12,0.732,1.0,0.408,0.67,3.247,59.52,0.364,,0.237,0.914,0.484,0.0,0.771,0.343,0.771,0.971,1.0,0.69
normalized_rnajp_5fj4_d.pdb,2.49,4.0742964557693995e-12,0.857,1.0,1.0,0.792,2.904,23.61,0.394,,0.228,0.469,0.758,0.0,0.771,0.4,0.686,1.0,1.0,0.007
normalized_alphafold3_5fj4_d.pdb,4.839,1.594927961923176e-08,0.857,0.943,1.0,0.813,5.646,16.82,0.339,,0.477,0.973,0.829,0.0,0.643,0.343,0.457,0.829,0.943,0.771
normalized_rnacomposer_5fj4_d.pdb,18.756,0.9861179834045197,0.37,0.0,,0.511,50.743,34.47,0.25,,1.973,1.997,0.554,0.0,0.257,0.171,0.171,0.257,0.429,0.284
