,RMSD,P-VALUE,INF-ALL,INF-WC,INF-NWC,INF-STACK,DI,MCQ,TM-score,CAD,BARNABA-RMSD,BARNABA-eRMSD,BARNABA-eSCORE,CLASH,GDT-TS,GDT-TS@1,GDT-TS@2,GDT-TS@4,GDT-TS@8,lDDT
normalized_rhofold_5gin_g.pdb,17.0,0.8897072949087785,0.629,,,0.648,27.034,69.53,0.171,,1.679,0.873,0.253,0.0,0.4,0.2,0.343,0.457,0.6,0.609
normalized_rnajp_5gin_g.pdb,18.34,0.9755524213474621,0.473,,,0.553,38.743,30.19,0.158,,1.841,1.383,0.534,0.0,0.286,0.171,0.229,0.314,0.429,0.0
normalized_rnacomposer_5gin_g.pdb,26.807,0.9999999999874969,0.508,,,0.611,52.72,33.33,0.177,,2.679,1.574,0.404,0.0,0.293,0.2,0.257,0.314,0.4,0.527
normalized_alphafold3_5gin_g.pdb,33.833,1.0,0.65,,,0.732,52.05,23.09,0.184,,3.427,1.629,1.044,0.0,0.25,0.171,0.257,0.286,0.286,0.623
