,RMSD,P-VALUE,INF-ALL,INF-WC,INF-NWC,INF-STACK,DI,MCQ,TM-score,CAD,BARNABA-RMSD,BARNABA-eRMSD,BARNABA-eSCORE,CLASH,GDT-TS,GDT-TS@1,GDT-TS@2,GDT-TS@4,GDT-TS@8,lDDT
normalized_alphafold3_5m0h_a.pdb,1.825,0.0,0.962,0.966,0.816,0.973,1.896,18.53,0.796,0.926,0.162,0.402,1.124,0.0,0.946,0.833,0.976,0.976,1.0,0.878
normalized_rhofold_5m0h_a.pdb,2.292,2.220446049250313e-16,0.868,0.966,0.816,0.831,2.64,56.19,0.448,0.864,0.229,0.688,0.79,0.0,0.762,0.309,0.738,1.0,1.0,0.696
normalized_rnajp_5m0h_a.pdb,3.974,3.0742075551870585e-13,0.895,0.966,1.0,0.857,4.439,21.03,0.375,0.855,0.369,0.85,1.071,0.0,0.631,0.262,0.476,0.786,1.0,0.042
normalized_rnacomposer_5m0h_a.pdb,4.674,4.950706511408498e-12,0.881,0.966,0.667,0.864,5.308,19.51,0.475,0.855,0.483,0.914,0.842,0.0,0.702,0.524,0.619,0.691,0.976,0.739
