,RMSD,P-VALUE,INF-ALL,INF-WC,INF-NWC,INF-STACK,DI,MCQ,TM-score,CAD,BARNABA-RMSD,BARNABA-eRMSD,BARNABA-eSCORE,CLASH,GDT-TS,GDT-TS@1,GDT-TS@2,GDT-TS@4,GDT-TS@8,lDDT
normalized_rnajp_5t2a_f.pdb,16.934,3.903658719961456e-05,0.423,0.351,,0.462,40.041,39.59,0.168,,1.727,1.818,0.98,0.0,0.144,0.07,0.113,0.141,0.254,0.0
normalized_alphafold3_5t2a_f.pdb,19.638,0.007175895687252243,0.402,0.354,,0.424,48.899,31.76,0.187,,2.025,1.978,1.584,0.0,0.13,0.085,0.099,0.141,0.197,0.42
normalized_rhofold_5t2a_f.pdb,22.572,0.20654644756664015,0.148,0.0,,0.218,152.955,69.99,0.143,,2.244,2.194,0.357,0.0,0.113,0.056,0.099,0.113,0.183,0.293
normalized_rnacomposer_5t2a_f.pdb,24.434,0.5855439463289516,0.413,0.592,,0.375,59.133,34.86,0.126,,2.493,1.695,0.909,0.0,0.134,0.07,0.113,0.155,0.197,0.405
