,RMSD,P-VALUE,INF-ALL,INF-WC,INF-NWC,INF-STACK,DI,MCQ,TM-score,CAD,BARNABA-RMSD,BARNABA-eRMSD,BARNABA-eSCORE,CLASH,GDT-TS,GDT-TS@1,GDT-TS@2,GDT-TS@4,GDT-TS@8,lDDT
normalized_alphafold3_5t5h_f.pdb,16.856,0.2526453450010523,0.344,0.474,,0.333,49.048,40.75,0.104,,1.716,1.923,0.882,0.0,0.212,0.087,0.152,0.239,0.37,0.37
normalized_rnacomposer_5t5h_f.pdb,17.434,0.36517568324180993,0.322,0.53,,0.286,54.205,51.95,0.149,,1.733,1.767,0.482,0.0,0.217,0.109,0.152,0.261,0.348,0.356
normalized_rhofold_5t5h_f.pdb,19.227,0.7425499751638963,0.387,0.612,0.0,0.363,49.644,83.83,0.118,,1.938,1.644,0.251,0.0,0.212,0.109,0.174,0.239,0.326,0.312
normalized_rnajp_5t5h_f.pdb,20.246,0.8883080667608605,0.353,0.612,0.0,0.336,57.383,46.01,0.116,,2.093,1.711,0.491,0.0,0.185,0.087,0.152,0.217,0.283,0.007
