,RMSD,P-VALUE,INF-ALL,INF-WC,INF-NWC,INF-STACK,DI,MCQ,TM-score,CAD,BARNABA-RMSD,BARNABA-eRMSD,BARNABA-eSCORE,CLASH,GDT-TS,GDT-TS@1,GDT-TS@2,GDT-TS@4,GDT-TS@8,lDDT
normalized_rhofold_5u30_b.pdb,7.439,0.0,0.696,0.507,,0.77,10.688,55.4,0.424,,0.757,1.233,1.363,0.0,0.151,0.071,0.131,0.182,0.222,0.559
normalized_alphafold3_5u30_b.pdb,26.7,0.06608664623447191,0.74,0.714,,0.766,36.075,24.77,0.21,,2.727,1.504,3.244,0.0,0.124,0.081,0.101,0.131,0.182,0.54
normalized_rnacomposer_5u30_b.pdb,28.086,0.23084601765766954,0.45,0.267,,0.541,62.456,34.3,0.225,,2.826,2.001,2.161,0.0,0.121,0.071,0.091,0.141,0.182,0.432
normalized_rnajp_5u30_b.pdb,37.147,0.9999913833362344,0.639,0.491,,0.701,58.141,28.21,0.203,,3.777,1.601,2.785,0.0,0.116,0.071,0.091,0.121,0.182,0.026
