,RMSD,P-VALUE,INF-ALL,INF-WC,INF-NWC,INF-STACK,DI,MCQ,TM-score,CAD,BARNABA-RMSD,BARNABA-eRMSD,BARNABA-eSCORE,CLASH,GDT-TS,GDT-TS@1,GDT-TS@2,GDT-TS@4,GDT-TS@8,lDDT
normalized_rhofold_5voe_a.pdb,3.485,5.216987952749719e-11,0.753,0.886,0.0,0.747,4.631,48.29,0.24,0.809,0.372,1.056,0.885,0.0,0.625,0.222,0.444,0.833,1.0,0.393
normalized_rnacomposer_5voe_a.pdb,3.96,2.878499105740673e-10,0.692,0.909,0.0,0.654,5.719,22.11,0.296,0.76,0.367,1.337,0.908,0.0,0.625,0.222,0.417,0.861,1.0,0.409
normalized_alphafold3_5voe_a.pdb,5.017,1.0152959195597333e-08,0.775,0.957,,0.715,6.472,17.54,0.305,0.76,0.447,1.257,1.35,0.0,0.66,0.306,0.556,0.778,1.0,0.393
normalized_rnajp_5voe_a.pdb,5.281,2.3440381802242172e-08,0.75,0.87,,0.715,7.039,25.01,0.263,0.768,0.523,1.223,1.451,0.0,0.569,0.25,0.444,0.583,1.0,0.057
