,RMSD,P-VALUE,INF-ALL,INF-WC,INF-NWC,INF-STACK,DI,MCQ,TM-score,CAD,BARNABA-RMSD,BARNABA-eRMSD,BARNABA-eSCORE,CLASH,GDT-TS,GDT-TS@1,GDT-TS@2,GDT-TS@4,GDT-TS@8,lDDT
normalized_rhofold_5wlh_b.pdb,8.531,7.007265709346733e-07,0.633,0.507,,0.698,13.47,,0.3,,,,0.555,0.0,0.327,0.167,0.191,0.309,0.643,0.541
normalized_alphafold3_5wlh_b.pdb,13.589,0.02194856190883493,0.639,0.539,,0.664,21.261,,0.261,,,,1.161,0.0,0.268,0.167,0.191,0.262,0.452,0.504
normalized_rnajp_5wlh_b.pdb,14.761,0.08627908576381593,0.557,0.632,,0.566,26.508,,0.197,,,,0.88,0.0,0.238,0.119,0.191,0.214,0.429,0.017
normalized_rnacomposer_5wlh_b.pdb,17.272,0.5124358531037458,0.581,0.632,,0.584,29.731,,0.148,,,,0.528,0.0,0.256,0.167,0.191,0.238,0.429,0.46
