,RMSD,P-VALUE,INF-ALL,INF-WC,INF-NWC,INF-STACK,DI,MCQ,TM-score,CAD,BARNABA-RMSD,BARNABA-eRMSD,BARNABA-eSCORE,CLASH,GDT-TS,GDT-TS@1,GDT-TS@2,GDT-TS@4,GDT-TS@8,lDDT
normalized_rhofold_5wti_b.pdb,10.811,0.0,0.71,0.812,0.0,0.723,15.221,53.8,0.385,,1.112,1.211,1.644,0.0,0.239,0.078,0.165,0.287,0.426,0.551
normalized_alphafold3_5wti_b.pdb,20.11,1.4773293699477108e-11,0.685,0.602,0.0,0.743,29.37,21.31,0.274,,2.059,1.576,3.75,0.0,0.224,0.148,0.2,0.235,0.313,0.55
normalized_rnajp_5wti_b.pdb,24.864,3.0622669293878246e-05,0.586,0.471,0.0,0.652,42.433,28.81,0.241,,2.505,1.725,3.207,0.0,0.161,0.061,0.122,0.165,0.296,0.021
normalized_rnacomposer_5wti_b.pdb,25.99,0.00035970610195634745,0.593,0.576,0.0,0.626,43.838,31.26,0.225,,2.641,1.699,1.761,0.0,0.187,0.087,0.157,0.226,0.278,0.424
