,RMSD,P-VALUE,INF-ALL,INF-WC,INF-NWC,INF-STACK,DI,MCQ,TM-score,CAD,BARNABA-RMSD,BARNABA-eRMSD,BARNABA-eSCORE,CLASH,GDT-TS,GDT-TS@1,GDT-TS@2,GDT-TS@4,GDT-TS@8,lDDT
normalized_rhofold_5xus_b.pdb,2.24,2.3314683517128287e-15,0.779,1.0,0.408,0.766,2.874,55.67,0.472,,0.211,0.7,0.464,0.0,0.781,0.4,0.725,1.0,1.0,0.704
normalized_alphafold3_5xus_b.pdb,22.759,0.9998180675984079,0.443,0.0,0.0,0.625,51.397,18.05,0.201,,2.321,2.114,1.366,0.0,0.263,0.2,0.25,0.275,0.325,0.374
normalized_rnacomposer_5xus_b.pdb,25.209,0.9999995803086545,0.41,0.0,0.0,0.567,61.499,27.85,0.224,,2.602,1.97,0.789,0.0,0.244,0.175,0.2,0.25,0.35,0.367
normalized_rnajp_5xus_b.pdb,25.27,0.9999996480007618,0.429,0.0,0.0,0.59,58.897,28.8,0.2,,2.574,2.004,0.943,0.0,0.319,0.2,0.325,0.35,0.4,0.049
