,RMSD,P-VALUE,INF-ALL,INF-WC,INF-NWC,INF-STACK,DI,MCQ,TM-score,CAD,BARNABA-RMSD,BARNABA-eRMSD,BARNABA-eSCORE,CLASH,GDT-TS,GDT-TS@1,GDT-TS@2,GDT-TS@4,GDT-TS@8,lDDT
normalized_rhofold_5xwy_b.pdb,11.561,6.938346856555366e-06,0.7,0.791,,0.678,16.519,66.11,0.295,,1.15,1.194,0.429,0.0,0.441,0.137,0.372,0.588,0.667,0.524
normalized_rnajp_5xwy_b.pdb,15.572,0.01711438196975723,0.557,0.632,,0.581,27.957,42.65,0.197,,1.589,1.644,0.634,0.0,0.265,0.098,0.235,0.294,0.431,0.004
normalized_rnacomposer_5xwy_b.pdb,17.399,0.13511707472562484,0.52,0.632,,0.495,33.485,36.96,0.156,,1.855,1.416,0.42,0.0,0.255,0.098,0.157,0.314,0.451,0.425
normalized_alphafold3_5xwy_b.pdb,20.174,0.6697928231941227,0.494,0.426,,0.527,40.836,32.58,0.204,,2.053,1.8,1.122,0.0,0.26,0.176,0.216,0.275,0.372,0.474
