,RMSD,P-VALUE,INF-ALL,INF-WC,INF-NWC,INF-STACK,DI,MCQ,TM-score,CAD,BARNABA-RMSD,BARNABA-eRMSD,BARNABA-eSCORE,CLASH,GDT-TS,GDT-TS@1,GDT-TS@2,GDT-TS@4,GDT-TS@8,lDDT
normalized_rhofold_5y7m_b.pdb,7.712,4.4551584643670594e-11,0.578,0.753,0.0,0.599,13.345,62.95,0.225,,0.784,1.316,0.464,0.0,0.382,0.118,0.275,0.431,0.706,0.542
normalized_rnacomposer_5y7m_b.pdb,8.392,5.08776742957906e-10,0.684,0.753,0.4,0.701,12.275,25.17,0.321,,0.884,1.401,0.567,0.0,0.436,0.176,0.333,0.51,0.726,0.606
normalized_rnajp_5y7m_b.pdb,8.811,2.1308014797050134e-09,0.709,0.801,0.447,0.709,12.433,30.34,0.359,,0.937,1.384,0.701,0.0,0.471,0.235,0.431,0.529,0.686,0.001
normalized_alphafold3_5y7m_b.pdb,13.582,0.0006340759260432538,0.744,0.889,0.224,0.753,18.255,17.91,0.285,,1.415,1.347,0.953,0.0,0.378,0.255,0.333,0.392,0.529,0.619
