,RMSD,P-VALUE,INF-ALL,INF-WC,INF-NWC,INF-STACK,DI,MCQ,TM-score,CAD,BARNABA-RMSD,BARNABA-eRMSD,BARNABA-eSCORE,CLASH,GDT-TS,GDT-TS@1,GDT-TS@2,GDT-TS@4,GDT-TS@8,lDDT
normalized_alphafold3_6bk8_i.pdb,28.363,0.9999500806924209,,,,,,33.36,0.21,,2.923,2.038,1.365,0.0,0.182,0.119,0.136,0.22,0.254,0.525
normalized_rhofold_6bk8_i.pdb,32.585,0.9999999997770045,,,,,,78.4,0.116,,3.275,1.694,0.243,0.0,0.131,0.068,0.119,0.152,0.186,0.382
normalized_rnacomposer_6bk8_i.pdb,35.585,0.9999999999999987,,,,,,43.57,0.151,,3.631,1.984,0.902,0.0,0.152,0.085,0.136,0.186,0.203,0.45
normalized_rnajp_6bk8_i.pdb,36.041,0.9999999999999998,,,,,,36.07,0.162,,3.68,1.873,0.959,0.0,0.144,0.119,0.136,0.136,0.186,0.019
