,RMSD,P-VALUE,INF-ALL,INF-WC,INF-NWC,INF-STACK,DI,MCQ,TM-score,CAD,BARNABA-RMSD,BARNABA-eRMSD,BARNABA-eSCORE,CLASH,GDT-TS,GDT-TS@1,GDT-TS@2,GDT-TS@4,GDT-TS@8,lDDT
normalized_rnajp_6by1_bx.pdb,18.184,0.9975882069129922,0.0,,,0.0,inf,42.77,0.13,,1.852,1.15,0.09,0.0,0.267,0.133,0.2,0.3,0.433,0.0
normalized_rnacomposer_6by1_bx.pdb,19.48,0.9997987949327598,0.094,,,0.094,206.157,49.11,0.113,,1.873,1.255,0.189,0.0,0.317,0.167,0.3,0.3,0.5,0.494
normalized_rhofold_6by1_bx.pdb,22.569,0.9999999259242038,0.51,,,0.51,44.227,95.59,0.097,,2.246,0.946,0.13,0.0,0.275,0.133,0.2,0.3,0.467,0.534
normalized_alphafold3_6by1_bx.pdb,25.853,0.999999999999273,0.299,,,0.354,86.519,30.96,0.133,,2.549,1.743,0.44,0.0,0.325,0.167,0.267,0.4,0.467,0.589
