,RMSD,P-VALUE,INF-ALL,INF-WC,INF-NWC,INF-STACK,DI,MCQ,TM-score,CAD,BARNABA-RMSD,BARNABA-eRMSD,BARNABA-eSCORE,CLASH,GDT-TS,GDT-TS@1,GDT-TS@2,GDT-TS@4,GDT-TS@8,lDDT
normalized_rhofold_6c63_b.pdb,2.217,3.8863356977003605e-13,0.845,1.0,0.772,0.846,2.624,56.15,0.398,,0.233,0.889,0.496,0.0,0.771,0.361,0.722,1.0,1.0,0.671
normalized_alphafold3_6c63_b.pdb,8.107,4.9558509617575464e-05,0.677,1.0,0.267,0.757,11.977,31.27,0.287,,0.803,1.612,0.771,0.0,0.472,0.278,0.417,0.5,0.694,0.485
normalized_rnacomposer_6c63_b.pdb,11.327,0.017697410199589148,0.543,1.0,,0.579,20.863,35.63,0.228,,1.101,1.841,0.556,0.0,0.375,0.25,0.361,0.417,0.472,0.362
normalized_rnajp_6c63_b.pdb,20.348,0.9981794037384241,0.261,0.0,0.0,0.375,77.926,37.14,0.166,,2.048,2.188,0.259,0.0,0.243,0.167,0.194,0.25,0.361,0.004
