,RMSD,P-VALUE,INF-ALL,INF-WC,INF-NWC,INF-STACK,DI,MCQ,TM-score,CAD,BARNABA-RMSD,BARNABA-eRMSD,BARNABA-eSCORE,CLASH,GDT-TS,GDT-TS@1,GDT-TS@2,GDT-TS@4,GDT-TS@8,lDDT
normalized_rhofold_6cf2_g.pdb,3.55,2.0911022913239208e-10,0.773,0.961,1.0,0.667,4.59,58.89,0.276,,0.306,0.949,1.162,0.0,0.686,0.257,0.543,0.943,1.0,0.658
normalized_alphafold3_6cf2_g.pdb,4.22,2.1145335482586347e-09,0.735,0.961,0.0,0.66,5.739,29.39,0.301,,0.418,0.976,1.631,0.0,0.664,0.314,0.6,0.743,1.0,0.702
normalized_rnacomposer_6cf2_g.pdb,5.464,1.0862978300218984e-07,0.73,0.926,0.0,0.668,7.487,30.25,0.158,,0.552,1.062,0.934,0.0,0.507,0.171,0.314,0.571,0.971,0.652
normalized_rnajp_6cf2_g.pdb,6.286,1.138217662344232e-06,0.727,0.917,0.0,0.697,8.644,31.06,0.186,,0.648,1.142,1.457,0.0,0.486,0.2,0.4,0.571,0.771,0.023
