,RMSD,P-VALUE,INF-ALL,INF-WC,INF-NWC,INF-STACK,DI,MCQ,TM-score,CAD,BARNABA-RMSD,BARNABA-eRMSD,BARNABA-eSCORE,CLASH,GDT-TS,GDT-TS@1,GDT-TS@2,GDT-TS@4,GDT-TS@8,lDDT
normalized_rhofold_6d3p_a.pdb,5.036,7.255862577437711e-13,0.803,1.0,0.577,0.771,6.274,54.36,0.383,0.848,0.478,0.903,0.9,0.0,0.606,0.244,0.533,0.733,0.911,0.653
normalized_rnacomposer_6d3p_a.pdb,9.858,5.403654470548247e-06,0.679,1.0,0.289,0.627,14.525,29.92,0.338,0.749,0.959,1.3,0.637,0.0,0.522,0.244,0.467,0.644,0.733,0.621
normalized_rnajp_6d3p_a.pdb,13.349,0.00692629195724187,0.54,0.704,0.289,0.517,24.737,33.39,0.224,0.676,1.374,1.629,1.124,0.0,0.417,0.156,0.267,0.533,0.711,0.005
normalized_alphafold3_6d3p_a.pdb,13.829,0.01409985736882613,0.729,0.832,0.5,0.725,18.967,17.55,0.325,0.752,1.413,1.372,1.448,0.0,0.517,0.267,0.444,0.644,0.711,0.653
