,RMSD,P-VALUE,INF-ALL,INF-WC,INF-NWC,INF-STACK,DI,MCQ,TM-score,CAD,BARNABA-RMSD,BARNABA-eRMSD,BARNABA-eSCORE,CLASH,GDT-TS,GDT-TS@1,GDT-TS@2,GDT-TS@4,GDT-TS@8,lDDT
normalized_rhofold_6db8_r.pdb,4.169,0.0,0.703,0.976,0.0,0.653,5.932,50.98,0.403,,0.404,1.298,1.359,0.0,0.575,0.2,0.35,0.75,1.0,0.576
normalized_rnajp_6db8_r.pdb,8.627,2.920996777788787e-13,0.662,0.751,0.0,0.681,13.032,27.06,0.282,,0.89,1.592,2.269,0.0,0.421,0.2,0.3,0.45,0.733,0.05
normalized_alphafold3_6db8_r.pdb,11.51,1.0587603238576548e-08,0.703,0.762,,0.718,16.368,18.05,0.297,,1.112,1.5,2.554,0.0,0.421,0.233,0.3,0.517,0.633,0.489
normalized_rnacomposer_6db8_r.pdb,13.267,1.8612497746928192e-06,0.705,0.847,0.0,0.69,18.824,23.13,0.234,,1.439,1.384,1.194,0.0,0.308,0.183,0.267,0.317,0.467,0.484
