,RMSD,P-VALUE,INF-ALL,INF-WC,INF-NWC,INF-STACK,DI,MCQ,TM-score,CAD,BARNABA-RMSD,BARNABA-eRMSD,BARNABA-eSCORE,CLASH,GDT-TS,GDT-TS@1,GDT-TS@2,GDT-TS@4,GDT-TS@8,lDDT
normalized_rhofold_6dtd_c.pdb,4.851,2.1012170337009195e-09,0.68,0.645,,0.74,7.138,59.92,0.192,,0.494,1.336,0.659,0.0,0.554,0.189,0.405,0.649,0.973,0.478
normalized_alphafold3_6dtd_c.pdb,5.143,5.509244560553128e-09,0.796,0.964,,0.763,6.463,16.81,0.265,,0.507,1.107,1.552,0.0,0.547,0.324,0.405,0.513,0.946,0.671
normalized_rnajp_6dtd_c.pdb,5.228,7.264930712569395e-09,0.729,0.886,0.0,0.741,7.166,26.84,0.213,,0.499,1.29,1.056,0.0,0.534,0.216,0.351,0.568,1.0,0.044
normalized_rnacomposer_6dtd_c.pdb,7.979,1.747670836388382e-05,0.693,0.926,0.0,0.628,11.519,28.36,0.179,,0.829,1.274,0.89,0.0,0.426,0.189,0.297,0.486,0.73,0.553
