,RMSD,P-VALUE,INF-ALL,INF-WC,INF-NWC,INF-STACK,DI,MCQ,TM-score,CAD,BARNABA-RMSD,BARNABA-eRMSD,BARNABA-eSCORE,CLASH,GDT-TS,GDT-TS@1,GDT-TS@2,GDT-TS@4,GDT-TS@8,lDDT
normalized_rhofold_6e82_a.pdb,2.635,2.0656809596175663e-12,0.611,0.913,0.405,0.626,4.312,59.59,0.333,0.765,0.226,1.516,0.29,0.0,0.736,0.278,0.667,1.0,1.0,0.601
normalized_rnacomposer_6e82_a.pdb,11.873,0.03586943959239974,0.527,0.615,0.0,0.577,22.527,33.76,0.199,0.527,1.28,2.108,0.432,0.0,0.368,0.25,0.306,0.389,0.528,0.374
normalized_rnajp_6e82_a.pdb,12.12,0.04810357459005249,0.553,0.566,,0.611,21.925,36.5,0.217,0.499,1.321,2.068,0.538,0.0,0.312,0.222,0.278,0.333,0.417,0.036
normalized_alphafold3_6e82_a.pdb,13.345,0.1627916988296053,0.541,0.566,0.0,0.601,24.684,34.28,0.256,0.534,1.455,2.081,0.542,0.0,0.347,0.222,0.333,0.389,0.444,0.371
