,RMSD,P-VALUE,INF-ALL,INF-WC,INF-NWC,INF-STACK,DI,MCQ,TM-score,CAD,BARNABA-RMSD,BARNABA-eRMSD,BARNABA-eSCORE,CLASH,GDT-TS,GDT-TS@1,GDT-TS@2,GDT-TS@4,GDT-TS@8,lDDT
normalized_rhofold_6e9e_b.pdb,14.995,0.007386020018478268,0.395,0.0,0.0,0.493,37.975,57.13,0.319,,1.513,1.619,0.435,0.0,0.392,0.137,0.275,0.471,0.686,0.502
normalized_rnajp_6e9e_b.pdb,15.181,0.009777183420610736,0.361,0.0,0.0,0.451,42.075,27.89,0.243,,1.543,1.848,0.892,0.0,0.343,0.157,0.255,0.392,0.569,0.023
normalized_alphafold3_6e9e_b.pdb,21.298,0.8561976773341732,0.411,0.0,0.0,0.519,51.82,24.14,0.296,,2.187,1.991,0.857,0.0,0.338,0.176,0.255,0.431,0.49,0.524
normalized_rnacomposer_6e9e_b.pdb,22.49,0.9578226158263177,0.372,0.0,0.0,0.485,60.459,26.56,0.267,,2.276,1.825,0.611,0.0,0.309,0.157,0.235,0.372,0.471,0.47
