,RMSD,P-VALUE,INF-ALL,INF-WC,INF-NWC,INF-STACK,DI,MCQ,TM-score,CAD,BARNABA-RMSD,BARNABA-eRMSD,BARNABA-eSCORE,CLASH,GDT-TS,GDT-TS@1,GDT-TS@2,GDT-TS@4,GDT-TS@8,lDDT
normalized_rhofold_6exn_e.pdb,22.335,0.9999989311677011,0.274,,,0.286,81.555,85.16,0.133,,,,0.2,0.0,0.219,0.125,0.188,0.25,0.312,0.575
normalized_alphafold3_6exn_e.pdb,23.758,0.9999999840497298,0.462,,,0.538,51.459,50.38,0.171,,,,0.432,0.0,0.312,0.188,0.281,0.375,0.406,0.609
normalized_rnajp_6exn_e.pdb,26.432,0.9999999999988601,0.22,,,0.276,120.04,59.47,0.119,,,,0.308,0.0,0.336,0.156,0.344,0.406,0.438,0.004
normalized_rnacomposer_6exn_e.pdb,30.532,1.0,0.352,,,0.424,86.658,53.99,0.114,,,,0.318,0.0,0.281,0.156,0.25,0.344,0.375,0.566
