,RMSD,P-VALUE,INF-ALL,INF-WC,INF-NWC,INF-STACK,DI,MCQ,TM-score,CAD,BARNABA-RMSD,BARNABA-eRMSD,BARNABA-eSCORE,CLASH,GDT-TS,GDT-TS@1,GDT-TS@2,GDT-TS@4,GDT-TS@8,lDDT
normalized_rnajp_6fyx_3.pdb,13.976,0.6128186761433907,0.333,,,0.471,41.928,51.72,0.116,,1.411,1.088,0.089,0.0,0.202,0.097,0.194,0.226,0.29,0.0
normalized_rhofold_6fyx_3.pdb,17.678,0.9904425090318933,0.0,,,0.0,inf,78.72,0.112,,1.762,1.057,0.094,0.0,0.274,0.129,0.194,0.29,0.484,0.497
normalized_rnacomposer_6fyx_3.pdb,23.308,0.9999999776497286,0.462,,,0.462,50.423,39.36,0.143,,2.388,0.84,0.166,0.0,0.266,0.129,0.194,0.323,0.419,0.639
normalized_alphafold3_6fyx_3.pdb,25.54,0.9999999999903486,0.522,,,0.577,48.906,40.36,0.091,,2.498,1.559,0.229,0.0,0.185,0.129,0.161,0.194,0.258,0.623
