,RMSD,P-VALUE,INF-ALL,INF-WC,INF-NWC,INF-STACK,DI,MCQ,TM-score,CAD,BARNABA-RMSD,BARNABA-eRMSD,BARNABA-eSCORE,CLASH,GDT-TS,GDT-TS@1,GDT-TS@2,GDT-TS@4,GDT-TS@8,lDDT
normalized_rhofold_6ifu_i.pdb,4.025,3.2632881397098856e-09,0.546,,,0.589,7.378,76.51,0.276,,0.394,0.827,0.126,0.0,0.647,0.294,0.529,0.794,0.971,0.629
normalized_rnacomposer_6ifu_i.pdb,27.665,0.9999999999998856,0.289,,,0.34,95.835,37.83,0.133,,2.716,1.573,0.393,0.0,0.213,0.118,0.206,0.235,0.294,0.515
normalized_rnajp_6ifu_i.pdb,28.165,0.9999999999999861,0.429,,,0.516,65.676,39.67,0.145,,2.768,1.563,0.306,0.0,0.257,0.147,0.176,0.235,0.471,0.0
normalized_alphafold3_6ifu_i.pdb,38.776,1.0,0.462,,,0.546,83.885,28.39,0.144,,3.855,1.67,0.731,0.0,0.243,0.147,0.206,0.265,0.353,0.606
