,RMSD,P-VALUE,INF-ALL,INF-WC,INF-NWC,INF-STACK,DI,MCQ,TM-score,CAD,BARNABA-RMSD,BARNABA-eRMSD,BARNABA-eSCORE,CLASH,GDT-TS,GDT-TS@1,GDT-TS@2,GDT-TS@4,GDT-TS@8,lDDT
normalized_rhofold_6iv8_d.pdb,5.887,3.608224830031759e-15,0.73,1.0,,0.679,8.066,55.5,0.359,,0.557,0.925,0.738,0.0,0.552,0.189,0.415,0.698,0.906,0.608
normalized_rnacomposer_6iv8_d.pdb,14.298,0.0009391718753870015,0.689,0.889,,0.641,20.746,28.81,0.267,,1.537,1.153,0.8,0.0,0.368,0.17,0.34,0.415,0.547,0.517
normalized_rnajp_6iv8_d.pdb,16.291,0.022683199987348135,0.648,0.74,,0.631,25.138,32.72,0.271,,1.665,1.512,1.265,0.0,0.354,0.189,0.302,0.415,0.509,0.016
normalized_alphafold3_6iv8_d.pdb,16.723,0.03909614454402727,0.646,0.647,,0.648,25.897,24.74,0.321,,1.68,1.589,1.772,0.0,0.401,0.302,0.321,0.415,0.566,0.589
