,RMSD,P-VALUE,INF-ALL,INF-WC,INF-NWC,INF-STACK,DI,MCQ,TM-score,CAD,BARNABA-RMSD,BARNABA-eRMSD,BARNABA-eSCORE,CLASH,GDT-TS,GDT-TS@1,GDT-TS@2,GDT-TS@4,GDT-TS@8,lDDT
normalized_rhofold_6joo_b.pdb,6.389,0.0,0.815,0.924,0.354,0.797,7.836,,0.546,,,,2.011,0.0,0.508,0.158,0.358,0.684,0.832,0.632
normalized_alphafold3_6joo_b.pdb,19.017,2.1154622997787698e-08,0.778,0.771,0.5,0.788,24.434,,0.319,,,,3.965,0.0,0.289,0.179,0.242,0.337,0.4,0.655
normalized_rnajp_6joo_b.pdb,19.243,4.2722145265905453e-08,0.751,0.646,0.289,0.814,25.623,,0.319,,,,3.522,0.0,0.292,0.126,0.253,0.347,0.442,0.197
normalized_rnacomposer_6joo_b.pdb,22.686,0.0002880539644814495,0.708,0.632,0.707,0.743,32.025,,0.279,,,,2.081,0.0,0.25,0.158,0.19,0.284,0.368,0.608
