,RMSD,P-VALUE,INF-ALL,INF-WC,INF-NWC,INF-STACK,DI,MCQ,TM-score,CAD,BARNABA-RMSD,BARNABA-eRMSD,BARNABA-eSCORE,CLASH,GDT-TS,GDT-TS@1,GDT-TS@2,GDT-TS@4,GDT-TS@8,lDDT
normalized_rhofold_6ltp_b.pdb,8.376,1.0088270277486266e-06,0.44,0.816,,0.302,19.019,68.41,0.318,,0.822,1.144,0.228,0.0,0.214,0.119,0.143,0.238,0.357,0.594
normalized_rnajp_6ltp_b.pdb,23.428,0.9998473987337138,0.461,0.722,,0.404,50.868,35.59,0.141,,2.386,1.532,0.735,0.0,0.196,0.095,0.143,0.214,0.333,0.004
normalized_rnacomposer_6ltp_b.pdb,23.469,0.9998600612104653,0.545,0.772,,0.469,43.066,37.59,0.135,,2.355,1.489,0.53,0.0,0.238,0.119,0.214,0.238,0.381,0.569
normalized_alphafold3_6ltp_b.pdb,24.208,0.999973753128498,0.452,0.68,,0.395,53.527,33.41,0.162,,2.462,1.624,1.14,0.0,0.202,0.119,0.167,0.214,0.309,0.564
