,RMSD,P-VALUE,INF-ALL,INF-WC,INF-NWC,INF-STACK,DI,MCQ,TM-score,CAD,BARNABA-RMSD,BARNABA-eRMSD,BARNABA-eSCORE,CLASH,GDT-TS,GDT-TS@1,GDT-TS@2,GDT-TS@4,GDT-TS@8,lDDT
normalized_rhofold_6nu2_b.pdb,3.077,0.0,0.663,0.884,0.0,0.609,4.642,49.87,0.57,,0.309,1.323,0.793,0.0,0.71,0.25,0.679,0.911,1.0,0.622
normalized_alphafold3_6nu2_b.pdb,14.211,0.00017811380787069453,0.532,0.521,,0.576,26.715,23.45,0.248,,1.514,1.744,1.34,0.0,0.357,0.196,0.357,0.411,0.464,0.522
normalized_rnacomposer_6nu2_b.pdb,21.413,0.6666596600108496,0.456,0.535,,0.444,46.999,29.67,0.188,,2.262,1.784,0.693,0.0,0.232,0.125,0.214,0.25,0.339,0.36
normalized_rnajp_6nu2_b.pdb,22.262,0.8165125925417425,0.471,0.312,0.0,0.609,47.287,31.02,0.229,,2.273,2.059,1.072,0.0,0.196,0.107,0.161,0.232,0.286,0.018
