,RMSD,P-VALUE,INF-ALL,INF-WC,INF-NWC,INF-STACK,DI,MCQ,TM-score,CAD,BARNABA-RMSD,BARNABA-eRMSD,BARNABA-eSCORE,CLASH,GDT-TS,GDT-TS@1,GDT-TS@2,GDT-TS@4,GDT-TS@8,lDDT
normalized_rhofold_6o7e_h.pdb,11.744,0.9544732085861118,0.746,,,0.746,15.739,60.9,0.157,,1.248,0.737,0.267,0.0,0.158,0.158,0.158,0.158,0.158,0.637
normalized_rnacomposer_6o7e_h.pdb,20.787,0.9999999999904942,0.392,,,0.447,52.996,48.14,0.124,,2.028,1.557,0.15,0.0,0.118,0.0,0.158,0.158,0.158,0.524
normalized_alphafold3_6o7e_h.pdb,21.259,0.9999999999984774,0.487,,,0.548,43.683,40.14,0.161,,2.11,1.387,0.42,0.0,0.158,0.158,0.158,0.158,0.158,0.69
normalized_rnajp_6o7e_h.pdb,21.896,0.9999999999998845,0.378,,,0.408,57.931,44.46,0.167,,2.15,1.259,0.238,0.0,0.158,0.158,0.158,0.158,0.158,0.0
