,RMSD,P-VALUE,INF-ALL,INF-WC,INF-NWC,INF-STACK,DI,MCQ,TM-score,CAD,BARNABA-RMSD,BARNABA-eRMSD,BARNABA-eSCORE,CLASH,GDT-TS,GDT-TS@1,GDT-TS@2,GDT-TS@4,GDT-TS@8,lDDT
normalized_rhofold_6rjg_d.pdb,4.181,0.0,0.745,0.668,0.0,0.802,5.612,50.69,0.565,,0.444,0.947,1.138,0.0,0.269,0.128,0.205,0.359,0.385,0.707
normalized_alphafold3_6rjg_d.pdb,16.669,4.786621107810696e-07,0.685,0.446,,0.766,24.349,18.18,0.376,,1.702,1.696,2.741,0.0,0.215,0.141,0.179,0.205,0.333,0.607
normalized_rnajp_6rjg_d.pdb,23.742,0.1658428173711619,0.66,0.607,0.0,0.702,35.997,27.07,0.28,,2.397,1.575,2.54,0.0,0.173,0.09,0.141,0.205,0.256,0.071
normalized_rnacomposer_6rjg_d.pdb,24.193,0.2357500558639165,0.584,0.621,0.0,0.604,41.458,32.0,0.283,,2.487,1.573,1.675,0.0,0.179,0.128,0.154,0.179,0.256,0.567
