,RMSD,P-VALUE,INF-ALL,INF-WC,INF-NWC,INF-STACK,DI,MCQ,TM-score,CAD,BARNABA-RMSD,BARNABA-eRMSD,BARNABA-eSCORE,CLASH,GDT-TS,GDT-TS@1,GDT-TS@2,GDT-TS@4,GDT-TS@8,lDDT
normalized_rhofold_6rti_x.pdb,5.352,2.1795676374836148e-11,0.681,0.769,0.258,0.705,7.853,61.14,0.293,,0.489,1.272,0.669,0.0,0.57,0.163,0.442,0.698,0.977,0.547
normalized_rnacomposer_6rti_x.pdb,8.463,5.793308601731439e-07,0.459,0.538,0.0,0.478,18.429,30.53,0.267,,0.823,1.962,0.847,0.0,0.366,0.163,0.256,0.372,0.674,0.402
normalized_rnajp_6rti_x.pdb,10.328,6.490651923130031e-05,0.52,0.538,0.0,0.576,19.857,24.74,0.255,,1.051,1.852,1.291,0.0,0.419,0.233,0.326,0.442,0.674,0.007
normalized_alphafold3_6rti_x.pdb,10.941,0.0002450760859689649,0.66,0.769,,0.669,16.572,17.67,0.267,,1.17,1.484,1.482,0.0,0.401,0.302,0.349,0.419,0.535,0.542
