,RMSD,P-VALUE,INF-ALL,INF-WC,INF-NWC,INF-STACK,DI,MCQ,TM-score,CAD,BARNABA-RMSD,BARNABA-eRMSD,BARNABA-eSCORE,CLASH,GDT-TS,GDT-TS@1,GDT-TS@2,GDT-TS@4,GDT-TS@8,lDDT
normalized_rhofold_6sy4_c.pdb,3.943,8.820782992913223e-11,0.673,0.943,0.567,0.609,5.86,,0.251,,,,0.418,0.0,0.181,0.111,0.139,0.194,0.278,0.578
normalized_rnacomposer_6sy4_c.pdb,14.093,0.22911825031173083,0.498,0.738,0.0,0.495,28.274,,0.229,,,,0.414,0.0,0.222,0.139,0.194,0.25,0.306,0.434
normalized_alphafold3_6sy4_c.pdb,14.667,0.336192575495275,0.652,0.889,0.0,0.669,22.49,,0.279,,,,0.698,0.0,0.201,0.111,0.167,0.222,0.306,0.514
normalized_rnajp_6sy4_c.pdb,14.986,0.40294945560913215,0.55,0.778,0.0,0.552,27.241,,0.171,,,,0.509,0.0,0.201,0.111,0.167,0.222,0.306,0.0
