,RMSD,P-VALUE,INF-ALL,INF-WC,INF-NWC,INF-STACK,DI,MCQ,TM-score,CAD,BARNABA-RMSD,BARNABA-eRMSD,BARNABA-eSCORE,CLASH,GDT-TS,GDT-TS@1,GDT-TS@2,GDT-TS@4,GDT-TS@8,lDDT
normalized_rhofold_6szu_v.pdb,16.203,0.235727531011583,0.377,0.535,0.0,0.439,42.945,68.8,0.208,,1.698,1.546,0.373,0.0,0.307,0.182,0.227,0.364,0.455,0.559
normalized_rnajp_6szu_v.pdb,17.883,0.5843998954453187,0.295,0.0,0.0,0.386,60.644,34.47,0.151,,1.811,1.894,0.721,0.0,0.233,0.114,0.159,0.318,0.341,0.017
normalized_rnacomposer_6szu_v.pdb,18.318,0.675499587411245,0.279,0.0,0.0,0.39,65.77,36.72,0.097,,1.848,1.937,0.42,0.0,0.176,0.114,0.136,0.182,0.273,0.415
normalized_alphafold3_6szu_v.pdb,19.541,0.8716253836805808,0.408,0.0,,0.524,47.865,26.34,0.195,,1.992,1.953,0.883,0.0,0.182,0.114,0.136,0.182,0.295,0.471
