,RMSD,P-VALUE,INF-ALL,INF-WC,INF-NWC,INF-STACK,DI,MCQ,TM-score,CAD,BARNABA-RMSD,BARNABA-eRMSD,BARNABA-eSCORE,CLASH,GDT-TS,GDT-TS@1,GDT-TS@2,GDT-TS@4,GDT-TS@8,lDDT
normalized_alphafold3_6vuh_a.pdb,1.815,3.772482326525051e-12,0.831,0.875,0.707,0.873,2.183,8.88,0.578,0.877,0.169,0.638,0.63,0.0,0.909,0.727,0.909,1.0,1.0,0.834
normalized_rhofold_6vuh_a.pdb,2.424,3.7994440926780726e-11,0.677,0.875,0.527,0.669,3.583,58.97,0.431,0.766,0.225,1.3,0.334,0.0,0.826,0.455,0.909,0.939,1.0,0.633
normalized_rnacomposer_6vuh_a.pdb,5.459,7.09873857751564e-07,0.634,0.791,0.224,0.709,8.606,20.72,0.427,0.659,0.494,1.536,0.381,0.0,0.689,0.485,0.576,0.758,0.939,0.566
normalized_rnajp_6vuh_a.pdb,20.159,0.9995875020513183,0.474,0.791,0.0,0.514,42.541,29.12,0.204,0.478,2.062,1.858,0.473,0.0,0.424,0.242,0.303,0.515,0.636,0.009
