,RMSD,P-VALUE,INF-ALL,INF-WC,INF-NWC,INF-STACK,DI,MCQ,TM-score,CAD,BARNABA-RMSD,BARNABA-eRMSD,BARNABA-eSCORE,CLASH,GDT-TS,GDT-TS@1,GDT-TS@2,GDT-TS@4,GDT-TS@8,lDDT
normalized_rhofold_6wc0_b.pdb,3.908,0.0,0.736,0.864,0.0,0.716,5.31,48.87,0.59,,0.399,0.951,1.184,0.0,0.544,0.143,0.407,0.725,0.901,0.652
normalized_alphafold3_6wc0_b.pdb,21.772,0.00028107868490401255,0.71,0.584,0.0,0.764,30.68,22.13,0.304,,2.26,1.43,2.517,0.0,0.324,0.143,0.264,0.396,0.494,0.605
normalized_rnacomposer_6wc0_b.pdb,25.43,0.07824495764006323,0.706,0.806,0.0,0.703,36.013,29.03,0.254,,2.575,1.308,1.656,0.0,0.256,0.099,0.187,0.319,0.418,0.614
normalized_rnajp_6wc0_b.pdb,26.761,0.24899679798045404,0.737,0.821,0.0,0.728,36.331,27.11,0.287,,2.733,1.234,2.341,0.0,0.283,0.11,0.242,0.33,0.451,0.102
