,RMSD,P-VALUE,INF-ALL,INF-WC,INF-NWC,INF-STACK,DI,MCQ,TM-score,CAD,BARNABA-RMSD,BARNABA-eRMSD,BARNABA-eSCORE,CLASH,GDT-TS,GDT-TS@1,GDT-TS@2,GDT-TS@4,GDT-TS@8,lDDT
normalized_rnajp_6wpi_b.pdb,7.201,1.906950339303215e-07,0.833,0.961,1.0,0.771,8.648,,0.415,,,,1.25,0.0,0.224,0.128,0.179,0.256,0.333,0.078
normalized_alphafold3_6wpi_b.pdb,8.653,9.696276355719569e-06,0.856,0.846,1.0,0.854,10.109,,0.59,,,,1.411,0.0,0.231,0.128,0.179,0.256,0.359,0.844
normalized_rnacomposer_6wpi_b.pdb,9.436,6.242781550636067e-05,0.786,0.769,0.707,0.8,12.01,,0.471,,,,1.12,0.0,0.224,0.128,0.179,0.256,0.333,0.8
normalized_rhofold_6wpi_b.pdb,9.638,9.792734033847728e-05,0.443,0.277,0.289,0.546,21.736,,0.379,,,,0.322,0.0,0.231,0.128,0.205,0.282,0.308,0.544
