,RMSD,P-VALUE,INF-ALL,INF-WC,INF-NWC,INF-STACK,DI,MCQ,TM-score,CAD,BARNABA-RMSD,BARNABA-eRMSD,BARNABA-eSCORE,CLASH,GDT-TS,GDT-TS@1,GDT-TS@2,GDT-TS@4,GDT-TS@8,lDDT
normalized_rnajp_6ww6_d.pdb,3.654,0.01146566925087733,0.788,0.894,,0.753,4.636,26.74,0.238,,0.29,1.029,0.491,0.0,0.412,0.353,0.353,0.471,0.471,0.002
normalized_alphafold3_6ww6_d.pdb,3.752,0.013204985137451553,0.835,0.894,,0.846,4.496,12.73,0.264,,0.327,0.957,0.551,0.0,0.426,0.353,0.412,0.471,0.471,0.714
normalized_rnacomposer_6ww6_d.pdb,5.046,0.06661492458750251,0.706,0.894,,0.641,7.148,24.6,0.249,,0.458,1.232,0.393,0.0,0.368,0.235,0.353,0.412,0.471,0.637
normalized_rhofold_6ww6_d.pdb,17.955,0.9999999928594886,0.485,,,0.555,37.014,69.65,0.17,,1.775,1.521,0.072,0.0,0.426,0.353,0.412,0.471,0.471,0.333
