,RMSD,P-VALUE,INF-ALL,INF-WC,INF-NWC,INF-STACK,DI,MCQ,TM-score,CAD,BARNABA-RMSD,BARNABA-eRMSD,BARNABA-eSCORE,CLASH,GDT-TS,GDT-TS@1,GDT-TS@2,GDT-TS@4,GDT-TS@8,lDDT
normalized_rhofold_6xdq_7.pdb,15.41,0.6336896628506483,0.167,,,0.167,92.458,75.76,0.103,,1.52,1.159,0.068,0.0,0.193,0.086,0.143,0.229,0.314,0.466
normalized_rnajp_6xdq_7.pdb,21.188,0.9998085543136291,0.556,,,0.556,38.104,41.9,0.209,,2.139,1.049,0.416,0.0,0.193,0.086,0.143,0.229,0.314,0.01
normalized_rnacomposer_6xdq_7.pdb,44.136,1.0,0.68,,,0.68,64.867,41.04,0.095,,4.464,0.939,0.472,0.0,0.25,0.114,0.2,0.314,0.371,0.607
normalized_alphafold3_6xdq_7.pdb,51.958,1.0,0.457,,,0.504,113.611,40.26,0.212,,5.147,1.66,0.945,0.0,0.164,0.086,0.143,0.171,0.257,0.604
