,RMSD,P-VALUE,INF-ALL,INF-WC,INF-NWC,INF-STACK,DI,MCQ,TM-score,CAD,BARNABA-RMSD,BARNABA-eRMSD,BARNABA-eSCORE,CLASH,GDT-TS,GDT-TS@1,GDT-TS@2,GDT-TS@4,GDT-TS@8,lDDT
normalized_rhofold_6xjy_b.pdb,2.514,0.0,0.744,0.923,0.134,0.776,3.379,45.3,0.569,,0.253,1.005,0.979,0.0,0.711,0.259,0.586,1.0,1.0,0.677
normalized_rnajp_6xjy_b.pdb,7.25,6.494804694057166e-15,0.691,0.922,0.0,0.683,10.484,29.79,0.262,,0.696,1.578,1.638,0.0,0.405,0.172,0.241,0.414,0.793,0.021
normalized_alphafold3_6xjy_b.pdb,11.333,2.694829859262171e-08,0.639,0.616,0.0,0.714,17.731,18.82,0.308,,1.196,1.819,1.906,0.0,0.358,0.207,0.31,0.379,0.534,0.508
normalized_rnacomposer_6xjy_b.pdb,14.937,0.0002956574164065806,0.595,0.651,,0.624,25.12,31.0,0.225,,1.556,1.779,0.932,0.0,0.315,0.155,0.259,0.362,0.483,0.438
