,RMSD,P-VALUE,INF-ALL,INF-WC,INF-NWC,INF-STACK,DI,MCQ,TM-score,CAD,BARNABA-RMSD,BARNABA-eRMSD,BARNABA-eSCORE,CLASH,GDT-TS,GDT-TS@1,GDT-TS@2,GDT-TS@4,GDT-TS@8,lDDT
normalized_rhofold_6xmf_c.pdb,6.681,0.0,0.73,0.773,0.224,0.741,9.148,53.74,0.575,,0.657,1.18,1.527,0.0,0.158,0.064,0.101,0.193,0.275,0.572
normalized_rnajp_6xmf_c.pdb,20.203,6.953232989381775e-10,0.718,0.811,,0.699,28.148,26.24,0.275,,2.131,1.277,2.986,0.0,0.135,0.055,0.092,0.165,0.229,0.008
normalized_alphafold3_6xmf_c.pdb,24.116,5.160762436368094e-05,0.735,0.686,0.0,0.787,32.814,19.5,0.288,,2.473,1.465,3.131,0.0,0.144,0.092,0.11,0.156,0.22,0.52
normalized_rnacomposer_6xmf_c.pdb,24.476,0.00011524100755694322,0.685,0.803,0.0,0.663,35.749,28.04,0.302,,2.523,1.343,2.147,0.0,0.147,0.073,0.119,0.174,0.22,0.236
