,RMSD,P-VALUE,INF-ALL,INF-WC,INF-NWC,INF-STACK,DI,MCQ,TM-score,CAD,BARNABA-RMSD,BARNABA-eRMSD,BARNABA-eSCORE,CLASH,GDT-TS,GDT-TS@1,GDT-TS@2,GDT-TS@4,GDT-TS@8,lDDT
normalized_rhofold_6zj3_lk.pdb,21.709,0.4737241428827188,0.379,0.381,0.0,0.42,57.208,66.04,0.202,,2.155,1.851,0.746,0.0,0.143,0.082,0.098,0.164,0.23,0.336
normalized_alphafold3_6zj3_lk.pdb,22.055,0.5501904164754038,0.52,0.528,,0.532,42.389,28.05,0.248,,2.249,1.798,1.929,0.0,0.164,0.098,0.131,0.197,0.23,0.455
normalized_rnajp_6zj3_lk.pdb,22.505,0.6467581296281105,0.52,0.585,0.0,0.52,43.284,35.86,0.218,,2.296,1.73,1.735,0.0,0.156,0.082,0.131,0.18,0.23,0.006
normalized_rnacomposer_6zj3_lk.pdb,23.039,0.7495501641632278,0.567,0.623,0.0,0.58,40.607,35.27,0.222,,2.387,1.634,0.877,0.0,0.131,0.066,0.098,0.147,0.213,0.397
