,RMSD,P-VALUE,INF-ALL,INF-WC,INF-NWC,INF-STACK,DI,MCQ,TM-score,CAD,BARNABA-RMSD,BARNABA-eRMSD,BARNABA-eSCORE,CLASH,GDT-TS,GDT-TS@1,GDT-TS@2,GDT-TS@4,GDT-TS@8,lDDT
normalized_alphafold3_6zj3_lm.pdb,21.854,0.8288477808287976,0.481,0.0,,0.592,45.473,21.78,0.189,,2.177,1.821,1.787,0.0,0.218,0.148,0.167,0.241,0.315,0.467
normalized_rhofold_6zj3_lm.pdb,22.001,0.8488551791461861,0.442,0.0,0.0,0.554,49.751,59.74,0.2,,2.2,1.742,0.856,0.0,0.199,0.093,0.148,0.222,0.333,0.433
normalized_rnacomposer_6zj3_lm.pdb,23.331,0.9616696673184278,0.438,0.0,0.0,0.568,53.236,32.47,0.18,,2.352,1.823,1.033,0.0,0.222,0.13,0.148,0.241,0.37,0.414
normalized_rnajp_6zj3_lm.pdb,24.502,0.9922543161098234,0.379,0.0,0.0,0.507,64.639,27.04,0.183,,2.478,1.964,1.3,0.0,0.176,0.111,0.13,0.185,0.278,0.007
