,RMSD,P-VALUE,INF-ALL,INF-WC,INF-NWC,INF-STACK,DI,MCQ,TM-score,CAD,BARNABA-RMSD,BARNABA-eRMSD,BARNABA-eSCORE,CLASH,GDT-TS,GDT-TS@1,GDT-TS@2,GDT-TS@4,GDT-TS@8,lDDT
normalized_rhofold_7b0y_p.pdb,18.994,0.9844392331808844,0.422,,,0.504,45.048,75.41,0.171,,1.832,1.314,0.38,0.0,0.0,0.0,0.0,0.0,0.0,0.579
normalized_rnajp_7b0y_p.pdb,24.275,0.9999998203002675,0.452,,,0.548,53.674,36.85,0.19,,2.405,1.563,0.638,0.0,0.0,0.0,0.0,0.0,0.0,0.009
normalized_alphafold3_7b0y_p.pdb,25.406,0.9999999946064213,0.522,,,0.602,48.694,20.52,0.19,,2.547,1.707,1.199,0.0,0.0,0.0,0.0,0.0,0.0,0.608
normalized_rnacomposer_7b0y_p.pdb,25.471,0.9999999956399903,0.481,,,0.572,52.941,37.47,0.16,,2.512,1.632,0.31,0.0,0.0,0.0,0.0,0.0,0.0,0.561
