,RMSD,P-VALUE,INF-ALL,INF-WC,INF-NWC,INF-STACK,DI,MCQ,TM-score,CAD,BARNABA-RMSD,BARNABA-eRMSD,BARNABA-eSCORE,CLASH,GDT-TS,GDT-TS@1,GDT-TS@2,GDT-TS@4,GDT-TS@8,lDDT
normalized_rnajp_7cyq_i.pdb,15.303,0.9877956264934613,0.689,,,0.8,22.225,20.28,0.229,,1.592,1.322,0.488,0.0,0.38,0.28,0.4,0.4,0.44,0.004
normalized_rnacomposer_7cyq_i.pdb,15.764,0.9939062224964537,0.527,,,0.645,29.909,28.46,0.169,,1.597,1.483,0.274,0.0,0.36,0.2,0.36,0.44,0.44,0.583
normalized_alphafold3_7cyq_i.pdb,21.173,0.9999999822502955,0.683,,,0.776,31.012,16.84,0.205,,2.099,1.654,0.577,0.0,0.43,0.32,0.36,0.48,0.56,0.659
normalized_rhofold_7cyq_i.pdb,21.716,0.999999996939492,0.662,,,0.85,32.817,46.83,0.206,,2.149,1.589,0.416,0.0,0.47,0.32,0.44,0.52,0.6,0.72
