,RMSD,P-VALUE,INF-ALL,INF-WC,INF-NWC,INF-STACK,DI,MCQ,TM-score,CAD,BARNABA-RMSD,BARNABA-eRMSD,BARNABA-eSCORE,CLASH,GDT-TS,GDT-TS@1,GDT-TS@2,GDT-TS@4,GDT-TS@8,lDDT
normalized_rhofold_7cyq_j.pdb,2.735,1.248856901225892e-07,0.714,,0.0,0.754,3.829,50.98,0.287,,0.258,0.635,0.407,0.0,0.139,0.111,0.148,0.148,0.148,0.71
normalized_rnajp_7cyq_j.pdb,17.413,0.998634870682648,0.542,,0.0,0.639,32.148,21.14,0.237,,1.752,1.432,0.718,0.0,0.13,0.074,0.148,0.148,0.148,0.0
normalized_alphafold3_7cyq_j.pdb,17.649,0.9991188347951816,0.72,,,0.826,24.506,13.72,0.294,,1.777,1.445,1.387,0.0,0.13,0.074,0.148,0.148,0.148,0.782
normalized_rnacomposer_7cyq_j.pdb,19.727,0.9999907371328776,0.361,,,0.466,54.669,38.15,0.118,,2.006,1.386,0.079,0.0,0.12,0.037,0.148,0.148,0.148,0.492
