,RMSD,P-VALUE,INF-ALL,INF-WC,INF-NWC,INF-STACK,DI,MCQ,TM-score,CAD,BARNABA-RMSD,BARNABA-eRMSD,BARNABA-eSCORE,CLASH,GDT-TS,GDT-TS@1,GDT-TS@2,GDT-TS@4,GDT-TS@8,lDDT
normalized_rhofold_7d2l_b.pdb,8.192,2.679307835595779e-07,0.787,0.722,,0.81,10.41,73.74,0.252,,0.865,0.806,0.426,0.0,0.471,0.186,0.395,0.535,0.767,0.644
normalized_alphafold3_7d2l_b.pdb,17.389,0.5382672601043894,0.7,0.645,,0.714,24.843,24.29,0.264,,1.814,1.336,1.315,0.0,0.372,0.233,0.279,0.442,0.535,0.689
normalized_rnajp_7d2l_b.pdb,18.141,0.6963458257132449,0.738,0.833,,0.756,24.575,32.38,0.203,,1.886,1.294,0.73,0.0,0.314,0.14,0.256,0.372,0.488,0.01
normalized_rnacomposer_7d2l_b.pdb,19.47,0.8948124897493017,0.8,0.833,,0.792,24.325,27.64,0.14,,2.086,1.091,0.414,0.0,0.267,0.116,0.186,0.326,0.442,0.603
