,RMSD,P-VALUE,INF-ALL,INF-WC,INF-NWC,INF-STACK,DI,MCQ,TM-score,CAD,BARNABA-RMSD,BARNABA-eRMSD,BARNABA-eSCORE,CLASH,GDT-TS,GDT-TS@1,GDT-TS@2,GDT-TS@4,GDT-TS@8,lDDT
normalized_rhofold_7d8o_l.pdb,1.913,2.9976021664879227e-14,0.77,0.875,0.707,0.732,2.485,,0.475,,,,0.407,0.0,0.84,0.444,0.917,1.0,1.0,0.676
normalized_alphafold3_7d8o_l.pdb,14.568,0.31626962164974726,0.388,0.365,0.0,0.436,37.546,,0.313,,,,0.785,0.0,0.389,0.306,0.333,0.444,0.472,0.376
normalized_rnajp_7d8o_l.pdb,17.941,0.9186299969377818,0.233,0.0,0.0,0.342,76.971,,0.199,,,,0.697,0.0,0.299,0.167,0.194,0.333,0.5,0.015
normalized_rnacomposer_7d8o_l.pdb,18.761,0.9679709581117064,0.236,0.0,,0.349,79.425,,0.197,,,,0.637,0.0,0.264,0.139,0.222,0.278,0.417,0.299
