,RMSD,P-VALUE,INF-ALL,INF-WC,INF-NWC,INF-STACK,DI,MCQ,TM-score,CAD,BARNABA-RMSD,BARNABA-eRMSD,BARNABA-eSCORE,CLASH,GDT-TS,GDT-TS@1,GDT-TS@2,GDT-TS@4,GDT-TS@8,lDDT
normalized_rhofold_7dlz_x.pdb,4.191,2.19824158875781e-14,0.756,0.882,0.0,0.768,5.546,53.67,0.31,,0.409,1.071,0.713,0.0,0.622,0.267,0.444,0.8,0.978,0.639
normalized_rnacomposer_7dlz_x.pdb,4.72,2.0083934515469082e-13,0.775,0.857,,0.748,6.094,27.49,0.385,,0.451,1.219,0.734,0.0,0.611,0.333,0.444,0.667,1.0,0.615
normalized_rnajp_7dlz_x.pdb,6.46,1.6062312591103023e-10,0.807,0.815,0.0,0.832,8.003,30.26,0.347,,0.649,1.193,0.956,0.0,0.556,0.222,0.467,0.711,0.822,0.008
normalized_alphafold3_7dlz_x.pdb,6.556,2.263899068211117e-10,0.722,0.714,0.0,0.764,9.086,24.62,0.278,,0.659,1.432,1.273,0.0,0.506,0.289,0.378,0.511,0.844,0.57
