,RMSD,P-VALUE,INF-ALL,INF-WC,INF-NWC,INF-STACK,DI,MCQ,TM-score,CAD,BARNABA-RMSD,BARNABA-eRMSD,BARNABA-eSCORE,CLASH,GDT-TS,GDT-TS@1,GDT-TS@2,GDT-TS@4,GDT-TS@8,lDDT
normalized_rnacomposer_7dmq_c.pdb,22.508,0.9999908651211037,0.555,,,0.669,40.576,28.57,0.224,,2.222,1.482,0.438,0.0,0.386,0.2,0.314,0.486,0.543,0.687
normalized_rnajp_7dmq_c.pdb,22.845,0.9999961328193429,0.573,,,0.667,39.893,25.63,0.213,,2.242,1.572,0.78,0.0,0.4,0.257,0.371,0.429,0.543,0.065
normalized_alphafold3_7dmq_c.pdb,23.098,0.9999980128789046,0.605,,,0.716,38.163,19.44,0.272,,2.272,1.509,1.179,0.0,0.486,0.343,0.486,0.543,0.571,0.794
normalized_rhofold_7dmq_c.pdb,27.026,0.9999999999945846,0.368,,,0.428,73.432,70.41,0.129,,2.603,1.858,0.135,0.0,0.279,0.143,0.229,0.257,0.486,0.367
