,RMSD,P-VALUE,INF-ALL,INF-WC,INF-NWC,INF-STACK,DI,MCQ,TM-score,CAD,BARNABA-RMSD,BARNABA-eRMSD,BARNABA-eSCORE,CLASH,GDT-TS,GDT-TS@1,GDT-TS@2,GDT-TS@4,GDT-TS@8,lDDT
normalized_rnajp_7dmq_b.pdb,23.543,0.9786896393633702,0.613,0.48,,0.667,38.417,26.1,0.261,,2.431,1.377,1.101,0.0,0.288,0.17,0.245,0.358,0.377,0.066
normalized_rnacomposer_7dmq_b.pdb,25.534,0.9991357834311791,0.374,0.522,,0.369,68.339,34.4,0.153,,2.614,1.566,0.765,0.0,0.207,0.132,0.17,0.226,0.302,0.522
normalized_rhofold_7dmq_b.pdb,29.76,0.9999999788628791,0.535,0.577,,0.544,55.579,72.76,0.18,,3.062,1.286,0.354,0.0,0.198,0.094,0.17,0.207,0.321,0.52
normalized_alphafold3_7dmq_b.pdb,32.077,0.9999999999934903,0.503,0.433,,0.55,63.728,21.91,0.19,,3.219,1.686,1.694,0.0,0.217,0.17,0.207,0.226,0.264,0.605
