,RMSD,P-VALUE,INF-ALL,INF-WC,INF-NWC,INF-STACK,DI,MCQ,TM-score,CAD,BARNABA-RMSD,BARNABA-eRMSD,BARNABA-eSCORE,CLASH,GDT-TS,GDT-TS@1,GDT-TS@2,GDT-TS@4,GDT-TS@8,lDDT
normalized_rhofold_7dte_g.pdb,24.069,0.9999999998370237,0.6,,,0.688,40.115,49.61,0.191,,2.415,1.391,0.288,0.0,0.431,0.241,0.379,0.517,0.586,0.712
normalized_rnacomposer_7dte_g.pdb,24.381,0.9999999999474372,0.531,,,0.65,45.94,16.72,0.132,,2.538,1.493,0.418,0.0,0.345,0.207,0.31,0.379,0.483,0.638
normalized_rnajp_7dte_g.pdb,25.036,0.9999999999955407,0.549,,,0.667,45.619,19.76,0.27,,2.599,1.581,0.7,0.0,0.371,0.276,0.345,0.414,0.448,0.0
normalized_alphafold3_7dte_g.pdb,25.045,0.9999999999956936,0.746,,,0.854,33.562,9.3,0.26,,2.598,1.499,1.398,0.0,0.379,0.31,0.379,0.414,0.414,0.857
