,RMSD,P-VALUE,INF-ALL,INF-WC,INF-NWC,INF-STACK,DI,MCQ,TM-score,CAD,BARNABA-RMSD,BARNABA-eRMSD,BARNABA-eSCORE,CLASH,GDT-TS,GDT-TS@1,GDT-TS@2,GDT-TS@4,GDT-TS@8,lDDT
normalized_rhofold_7dvq_g.pdb,31.032,0.9999994085521164,0.381,,,0.381,81.553,86.95,0.108,,3.082,1.122,0.305,0.0,0.147,0.079,0.111,0.159,0.238,0.504
normalized_rnajp_7dvq_g.pdb,36.987,0.9999999999999998,0.303,,,0.364,122.226,36.48,0.155,,3.726,1.698,1.141,0.0,0.147,0.095,0.127,0.159,0.206,0.002
normalized_rnacomposer_7dvq_g.pdb,41.495,1.0,0.305,,,0.376,136.011,38.52,0.161,,4.172,1.601,0.664,0.0,0.179,0.079,0.175,0.206,0.254,0.552
normalized_alphafold3_7dvq_g.pdb,45.657,1.0,0.396,,,0.462,115.393,27.11,0.185,,4.611,1.888,2.33,0.0,0.202,0.143,0.191,0.222,0.254,0.474
