,RMSD,P-VALUE,INF-ALL,INF-WC,INF-NWC,INF-STACK,DI,MCQ,TM-score,CAD,BARNABA-RMSD,BARNABA-eRMSD,BARNABA-eSCORE,CLASH,GDT-TS,GDT-TS@1,GDT-TS@2,GDT-TS@4,GDT-TS@8,lDDT
normalized_rnajp_7jtq_b.pdb,11.94,0.1992728337095946,0.265,0.365,,0.286,45.131,60.55,0.14,,1.157,2.091,0.249,0.0,0.347,0.129,0.29,0.419,0.548,0.0
normalized_alphafold3_7jtq_b.pdb,13.145,0.4306129568845304,0.316,0.348,,0.36,41.569,54.74,0.129,,1.365,2.103,0.35,0.0,0.347,0.161,0.258,0.419,0.548,0.323
normalized_rhofold_7jtq_b.pdb,15.775,0.900842508864268,0.173,0.0,0.0,0.243,91.08,74.48,0.115,,1.598,2.154,0.112,0.0,0.25,0.161,0.161,0.258,0.419,0.19
normalized_rnacomposer_7jtq_b.pdb,17.377,0.9852302429848712,0.286,0.0,,0.389,60.808,55.17,0.093,,1.766,2.244,0.16,0.0,0.274,0.129,0.194,0.29,0.484,0.214
