,RMSD,P-VALUE,INF-ALL,INF-WC,INF-NWC,INF-STACK,DI,MCQ,TM-score,CAD,BARNABA-RMSD,BARNABA-eRMSD,BARNABA-eSCORE,CLASH,GDT-TS,GDT-TS@1,GDT-TS@2,GDT-TS@4,GDT-TS@8,lDDT
normalized_rhofold_7kvu_g.pdb,3.12,0.0,0.663,0.921,0.0,0.666,4.706,46.72,0.602,,0.317,1.314,1.351,0.0,0.632,0.205,0.47,0.855,1.0,0.592
normalized_alphafold3_7kvu_g.pdb,11.435,5.551115123125783e-17,0.539,0.604,0.0,0.576,21.218,18.25,0.281,,1.241,1.937,2.729,0.0,0.322,0.205,0.265,0.325,0.494,0.454
normalized_rnacomposer_7kvu_g.pdb,16.895,5.133267705348388e-08,0.473,0.654,0.0,0.445,35.742,29.75,0.277,,1.71,2.085,1.814,0.0,0.28,0.205,0.253,0.289,0.373,0.383
normalized_rnajp_7kvu_g.pdb,21.081,0.001365671971414406,0.628,0.824,0.0,0.621,33.584,23.21,0.248,,2.148,1.62,2.369,0.0,0.292,0.157,0.229,0.301,0.482,0.083
