,RMSD,P-VALUE,INF-ALL,INF-WC,INF-NWC,INF-STACK,DI,MCQ,TM-score,CAD,BARNABA-RMSD,BARNABA-eRMSD,BARNABA-eSCORE,CLASH,GDT-TS,GDT-TS@1,GDT-TS@2,GDT-TS@4,GDT-TS@8,lDDT
normalized_rhofold_7kwg_a.pdb,17.62,0.9830206864612007,0.144,,,0.144,122.074,93.91,0.09,0.714,1.817,1.036,0.05,0.0,0.312,0.125,0.219,0.344,0.562,0.447
normalized_rnajp_7kwg_a.pdb,18.865,0.9975393389818747,0.555,,,0.555,34.009,46.63,0.11,0.618,1.941,1.201,0.111,0.0,0.273,0.125,0.25,0.312,0.406,0.0
normalized_rnacomposer_7kwg_a.pdb,20.504,0.9999015108516353,0.347,,,0.377,59.142,40.5,0.102,0.638,2.089,1.545,0.122,0.0,0.289,0.156,0.25,0.312,0.438,0.526
normalized_alphafold3_7kwg_a.pdb,21.305,0.9999846184774573,0.5,,,0.555,42.609,39.82,0.123,0.675,2.149,1.642,0.185,0.0,0.359,0.156,0.281,0.438,0.562,0.561
