,RMSD,P-VALUE,INF-ALL,INF-WC,INF-NWC,INF-STACK,DI,MCQ,TM-score,CAD,BARNABA-RMSD,BARNABA-eRMSD,BARNABA-eSCORE,CLASH,GDT-TS,GDT-TS@1,GDT-TS@2,GDT-TS@4,GDT-TS@8,lDDT
normalized_rhofold_7l49_e.pdb,18.092,0.0,0.544,0.554,0.0,0.556,33.285,60.45,0.35,,1.871,1.649,1.873,0.0,0.094,0.037,0.074,0.111,0.156,0.472
normalized_rnacomposer_7l49_e.pdb,25.548,5.2453242582739534e-08,0.515,0.508,0.0,0.537,49.637,31.42,0.209,,2.616,1.872,3.078,0.0,0.076,0.044,0.059,0.082,0.118,0.461
normalized_rnajp_7l49_e.pdb,27.375,8.412852586625608e-06,0.562,0.515,0.0,0.597,48.696,27.02,0.259,,2.802,1.856,4.614,0.0,0.08,0.052,0.067,0.089,0.111,0.025
normalized_alphafold3_7l49_e.pdb,31.021,0.01136748916480057,0.697,0.702,0.0,0.711,44.477,18.37,0.261,,3.178,1.572,4.581,0.0,0.078,0.052,0.067,0.082,0.111,0.538
