,RMSD,P-VALUE,INF-ALL,INF-WC,INF-NWC,INF-STACK,DI,MCQ,TM-score,CAD,BARNABA-RMSD,BARNABA-eRMSD,BARNABA-eSCORE,CLASH,GDT-TS,GDT-TS@1,GDT-TS@2,GDT-TS@4,GDT-TS@8,lDDT
normalized_rhofold_7m5o_b.pdb,8.2,2.9669731866965865e-05,0.819,0.926,,0.8,10.012,66.56,0.247,,0.747,1.06,0.404,0.0,0.378,0.162,0.243,0.432,0.676,0.648
normalized_alphafold3_7m5o_b.pdb,15.344,0.48125247709197827,0.632,0.68,,0.629,24.267,30.17,0.338,,1.544,1.373,1.372,0.0,0.378,0.162,0.27,0.432,0.649,0.703
normalized_rnacomposer_7m5o_b.pdb,15.625,0.5434125668657068,0.549,0.645,,0.52,28.475,39.54,0.215,,1.603,1.583,0.653,0.0,0.331,0.162,0.189,0.378,0.595,0.542
normalized_rnajp_7m5o_b.pdb,16.649,0.7511210810740607,0.532,0.566,,0.537,31.268,32.98,0.236,,1.678,1.47,1.014,0.0,0.378,0.162,0.243,0.46,0.649,0.0
