,RMSD,P-VALUE,INF-ALL,INF-WC,INF-NWC,INF-STACK,DI,MCQ,TM-score,CAD,BARNABA-RMSD,BARNABA-eRMSD,BARNABA-eSCORE,CLASH,GDT-TS,GDT-TS@1,GDT-TS@2,GDT-TS@4,GDT-TS@8,lDDT
normalized_rhofold_7nrd_s3.pdb,11.24,0.0772553760582787,0.236,,,0.236,47.687,74.43,0.101,,1.068,1.229,0.107,0.0,0.266,0.125,0.188,0.281,0.469,0.47
normalized_rnajp_7nrd_s3.pdb,16.446,0.9290252876024019,0.0,,,0.0,inf,51.05,0.111,,1.629,1.188,0.134,0.0,0.242,0.125,0.219,0.25,0.375,0.0
normalized_rnacomposer_7nrd_s3.pdb,33.361,1.0,0.204,,,0.204,163.434,46.59,0.141,,3.281,1.139,0.071,0.0,0.32,0.125,0.25,0.375,0.531,0.57
normalized_alphafold3_7nrd_s3.pdb,40.517,1.0,0.268,,,0.303,150.922,45.17,0.094,,3.968,1.818,0.903,0.0,0.195,0.125,0.156,0.219,0.281,0.568
