,RMSD,P-VALUE,INF-ALL,INF-WC,INF-NWC,INF-STACK,DI,MCQ,TM-score,CAD,BARNABA-RMSD,BARNABA-eRMSD,BARNABA-eSCORE,CLASH,GDT-TS,GDT-TS@1,GDT-TS@2,GDT-TS@4,GDT-TS@8,lDDT
normalized_rhofold_7oaw_b.pdb,2.519,0.0,0.707,0.859,0.342,0.738,3.565,52.87,0.538,,,,0.918,0.0,0.412,0.137,0.196,0.333,0.98,0.606
normalized_alphafold3_7oaw_b.pdb,11.309,3.6278902982855854e-06,0.641,0.751,0.213,0.675,17.644,15.96,0.335,,,,1.541,0.0,0.23,0.157,0.157,0.216,0.392,0.505
normalized_rnacomposer_7oaw_b.pdb,13.242,0.00032237753241176614,0.473,0.548,0.0,0.523,27.971,27.61,0.284,,,,0.818,0.0,0.275,0.157,0.176,0.294,0.471,0.396
normalized_rnajp_7oaw_b.pdb,13.882,0.0011203657348247131,0.485,0.548,,0.524,28.646,26.0,0.234,,,,1.467,0.0,0.26,0.137,0.157,0.294,0.451,0.144
