,RMSD,P-VALUE,INF-ALL,INF-WC,INF-NWC,INF-STACK,DI,MCQ,TM-score,CAD,BARNABA-RMSD,BARNABA-eRMSD,BARNABA-eSCORE,CLASH,GDT-TS,GDT-TS@1,GDT-TS@2,GDT-TS@4,GDT-TS@8,lDDT
normalized_rnajp_7oop_p.pdb,13.724,0.9890405429302738,0.55,,,0.583,24.955,40.56,0.172,,1.455,1.292,0.255,0.0,0.0,0.0,0.0,0.0,0.0,0.0
normalized_alphafold3_7oop_p.pdb,15.571,0.9995459358984277,0.497,,,0.535,31.3,30.11,0.246,,1.665,1.342,0.745,0.0,0.0,0.0,0.0,0.0,0.0,0.582
normalized_rnacomposer_7oop_p.pdb,15.693,0.9996446223152239,0.417,,,0.462,37.663,36.2,0.215,,1.674,1.308,0.124,0.0,0.0,0.0,0.0,0.0,0.0,0.558
normalized_rhofold_7oop_p.pdb,16.153,0.9998641231370868,0.68,,,0.745,23.74,65.06,0.231,,1.636,0.705,0.091,0.0,0.0,0.0,0.0,0.0,0.0,0.57
