,RMSD,P-VALUE,INF-ALL,INF-WC,INF-NWC,INF-STACK,DI,MCQ,TM-score,CAD,BARNABA-RMSD,BARNABA-eRMSD,BARNABA-eSCORE,CLASH,GDT-TS,GDT-TS@1,GDT-TS@2,GDT-TS@4,GDT-TS@8,lDDT
normalized_rhofold_7os0_d.pdb,8.601,1.4065014375397311e-08,0.571,0.772,,0.517,15.062,,0.216,,,,0.461,0.0,0.175,0.085,0.128,0.192,0.298,0.508
normalized_alphafold3_7os0_d.pdb,14.713,0.01548360364680268,0.508,0.524,0.0,0.52,28.971,,0.18,,,,1.165,0.0,0.197,0.106,0.128,0.213,0.34,0.48
normalized_rnacomposer_7os0_d.pdb,19.516,0.695283060613469,0.661,0.837,,0.622,29.543,,0.183,,,,0.698,0.0,0.239,0.128,0.17,0.255,0.404,0.545
normalized_rnajp_7os0_d.pdb,,,0.339,0.0,0.0,0.443,,,0.152,,,,0.391,0.0,0.261,0.106,0.149,0.298,0.489,0.004
