,RMSD,P-VALUE,INF-ALL,INF-WC,INF-NWC,INF-STACK,DI,MCQ,TM-score,CAD,BARNABA-RMSD,BARNABA-eRMSD,BARNABA-eSCORE,CLASH,GDT-TS,GDT-TS@1,GDT-TS@2,GDT-TS@4,GDT-TS@8,lDDT
normalized_rhofold_7ozu_p.pdb,1.575,0.11344446818958276,0.802,,,0.802,1.965,48.99,0.231,,0.16,0.359,0.062,0.0,0.0,0.0,0.0,0.0,0.0,0.806
normalized_rnacomposer_7ozu_p.pdb,6.441,0.9324709804480316,0.338,,,0.338,19.051,44.2,0.068,,0.627,1.449,0.092,0.0,0.0,0.0,0.0,0.0,0.0,0.41
normalized_alphafold3_7ozu_p.pdb,8.434,0.9953626232527584,0.598,,,0.714,14.112,19.77,0.215,,0.837,1.462,0.299,0.0,0.0,0.0,0.0,0.0,0.0,0.671
normalized_rnajp_7ozu_p.pdb,8.548,0.9961525924239382,0.401,,,0.507,21.322,22.89,0.185,,0.83,1.404,0.372,0.0,0.0,0.0,0.0,0.0,0.0,0.0
