,RMSD,P-VALUE,INF-ALL,INF-WC,INF-NWC,INF-STACK,DI,MCQ,TM-score,CAD,BARNABA-RMSD,BARNABA-eRMSD,BARNABA-eSCORE,CLASH,GDT-TS,GDT-TS@1,GDT-TS@2,GDT-TS@4,GDT-TS@8,lDDT
normalized_alphafold3_7pmm_d.pdb,4.307,1.1601830607332886e-13,0.79,0.849,,0.763,5.453,28.3,0.331,,0.397,1.057,3.181,0.0,0.636,0.295,0.432,0.818,1.0,0.696
normalized_rhofold_7pmm_d.pdb,4.329,1.2706502516834917e-13,0.772,0.803,,0.793,5.605,61.51,0.344,,0.389,1.134,1.512,0.0,0.619,0.25,0.477,0.75,1.0,0.61
normalized_rnacomposer_7pmm_d.pdb,4.591,3.7220226900558373e-13,0.759,0.875,,0.711,6.05,33.63,0.388,,0.476,0.965,1.572,0.0,0.591,0.295,0.477,0.591,1.0,0.67
normalized_rnajp_7pmm_d.pdb,6.247,2.0329049554845824e-10,0.811,0.904,,0.794,7.698,31.47,0.305,,0.653,0.955,2.917,0.0,0.477,0.159,0.341,0.545,0.864,0.12
