,RMSD,P-VALUE,INF-ALL,INF-WC,INF-NWC,INF-STACK,DI,MCQ,TM-score,CAD,BARNABA-RMSD,BARNABA-eRMSD,BARNABA-eSCORE,CLASH,GDT-TS,GDT-TS@1,GDT-TS@2,GDT-TS@4,GDT-TS@8,lDDT
normalized_rhofold_7qi4_ay.pdb,5.305,8.326672684688674e-16,0.789,0.97,0.0,0.762,6.726,52.55,0.352,0.725,0.529,1.362,1.183,0.0,0.534,0.192,0.365,0.596,0.981,0.549
normalized_alphafold3_7qi4_ay.pdb,8.96,1.4857325369987961e-09,0.811,0.939,,0.8,11.046,19.54,0.455,0.728,0.881,1.344,1.699,0.0,0.558,0.346,0.5,0.596,0.788,0.591
normalized_rnacomposer_7qi4_ay.pdb,11.826,7.0825510334326935e-06,0.674,0.907,0.0,0.623,17.55,29.49,0.26,0.65,1.275,1.587,1.115,0.0,0.399,0.211,0.308,0.442,0.635,0.507
normalized_rnajp_7qi4_ay.pdb,15.235,0.007193770875952632,0.728,0.939,0.0,0.699,20.922,27.55,0.283,0.653,1.618,1.624,1.494,0.0,0.327,0.192,0.308,0.346,0.462,0.013
