,RMSD,P-VALUE,INF-ALL,INF-WC,INF-NWC,INF-STACK,DI,MCQ,TM-score,CAD,BARNABA-RMSD,BARNABA-eRMSD,BARNABA-eSCORE,CLASH,GDT-TS,GDT-TS@1,GDT-TS@2,GDT-TS@4,GDT-TS@8,lDDT
normalized_alphafold3_7r6k_1.pdb,31.809,0.0007781404381086987,0.398,0.046,0.0,0.561,79.835,25.93,0.168,,3.259,2.271,3.558,0.0,0.076,0.059,0.072,0.072,0.099,0.316
normalized_rhofold_7r6k_1.pdb,35.95,0.19407843977218753,0.378,0.302,0.0,0.473,95.096,64.3,0.112,,3.643,1.997,1.169,0.0,0.079,0.04,0.066,0.086,0.125,0.345
normalized_rnajp_7r6k_1.pdb,36.013,0.20379445792843054,0.401,0.151,0.0,0.519,89.73,31.53,0.137,,3.657,2.11,3.131,0.0,0.095,0.046,0.079,0.118,0.138,0.029
normalized_rnacomposer_7r6k_1.pdb,50.209,0.9999999999991587,0.387,0.094,0.0,0.548,129.732,30.97,0.16,,5.059,2.101,2.58,0.0,0.072,0.04,0.053,0.079,0.118,0.336
