,RMSD,P-VALUE,INF-ALL,INF-WC,INF-NWC,INF-STACK,DI,MCQ,TM-score,CAD,BARNABA-RMSD,BARNABA-eRMSD,BARNABA-eSCORE,CLASH,GDT-TS,GDT-TS@1,GDT-TS@2,GDT-TS@4,GDT-TS@8,lDDT
normalized_rhofold_7r6l_b.pdb,11.804,0.774532513596663,0.32,,,0.32,36.909,70.46,0.106,,1.288,1.068,0.216,0.0,0.293,0.174,0.304,0.304,0.391,0.498
normalized_rnacomposer_7r6l_b.pdb,16.363,0.9994936809176592,0.49,,,0.589,33.375,38.66,0.118,,1.667,1.373,0.294,0.0,0.272,0.217,0.261,0.261,0.348,0.508
normalized_alphafold3_7r6l_b.pdb,21.105,0.9999999984017534,0.369,,,0.429,57.256,33.71,0.151,,2.129,1.746,0.635,0.0,0.293,0.217,0.217,0.304,0.435,0.553
normalized_rnajp_7r6l_b.pdb,,,0.5,,,0.612,,,0.16,,,,0.27,0.0,0.315,0.174,0.261,0.391,0.435,0.0
