,RMSD,P-VALUE,INF-ALL,INF-WC,INF-NWC,INF-STACK,DI,MCQ,TM-score,CAD,BARNABA-RMSD,BARNABA-eRMSD,BARNABA-eSCORE,CLASH,GDT-TS,GDT-TS@1,GDT-TS@2,GDT-TS@4,GDT-TS@8,lDDT
normalized_rhofold_7tqv_h.pdb,6.319,6.968519716987753e-06,0.754,,,0.754,8.377,59.52,0.212,,0.683,0.615,0.34,0.0,0.348,0.182,0.242,0.455,0.515,0.678
normalized_rnacomposer_7tqv_h.pdb,24.44,0.999999994758179,0.548,,,0.671,44.621,22.85,0.157,,2.441,1.501,0.661,0.0,0.265,0.182,0.212,0.303,0.364,0.677
normalized_alphafold3_7tqv_h.pdb,29.436,1.0,0.727,,,0.854,40.471,8.54,0.191,,2.873,1.483,1.719,0.0,0.364,0.242,0.303,0.394,0.515,0.799
normalized_rnajp_7tqv_h.pdb,29.862,1.0,0.616,,,0.698,48.489,32.78,0.19,,2.917,1.692,0.718,0.0,0.273,0.121,0.242,0.333,0.394,0.0
