,RMSD,P-VALUE,INF-ALL,INF-WC,INF-NWC,INF-STACK,DI,MCQ,TM-score,CAD,BARNABA-RMSD,BARNABA-eRMSD,BARNABA-eSCORE,CLASH,GDT-TS,GDT-TS@1,GDT-TS@2,GDT-TS@4,GDT-TS@8,lDDT
normalized_rnajp_7u2b_c.pdb,11.113,5.357496852265164e-07,0.678,0.728,,0.659,16.401,29.5,0.251,,,,1.058,0.0,0.387,0.132,0.283,0.434,0.698,0.028
normalized_alphafold3_7u2b_c.pdb,12.288,1.1935380591521216e-05,0.661,0.706,,0.651,18.598,26.5,0.276,,,,1.054,0.0,0.358,0.245,0.321,0.396,0.472,0.536
normalized_rnacomposer_7u2b_c.pdb,13.589,0.0002303075554416778,0.688,0.667,,0.711,19.748,29.8,0.246,,,,0.825,0.0,0.335,0.151,0.321,0.377,0.491,0.535
normalized_rhofold_7u2b_c.pdb,16.586,0.03308086469551419,0.301,0.121,,0.426,55.073,67.95,0.222,,,,0.298,0.0,0.241,0.113,0.17,0.302,0.377,0.301
