,RMSD,P-VALUE,INF-ALL,INF-WC,INF-NWC,INF-STACK,DI,MCQ,TM-score,CAD,BARNABA-RMSD,BARNABA-eRMSD,BARNABA-eSCORE,CLASH,GDT-TS,GDT-TS@1,GDT-TS@2,GDT-TS@4,GDT-TS@8,lDDT
normalized_alphafold3_7uoo_6.pdb,22.22,0.7291963720992389,0.434,0.239,0.0,0.549,51.247,30.77,0.205,,2.323,2.036,1.792,0.0,0.284,0.138,0.224,0.345,0.431,0.458
normalized_rhofold_7uoo_6.pdb,22.489,0.7764072804810763,0.241,0.0,0.0,0.347,93.323,81.98,0.162,,2.318,1.945,0.415,0.0,0.151,0.086,0.138,0.155,0.224,0.326
normalized_rnajp_7uoo_6.pdb,23.54,0.910542981494698,0.284,0.0,0.0,0.429,82.989,36.65,0.172,,2.45,2.209,1.499,0.0,0.241,0.086,0.19,0.276,0.414,0.007
normalized_rnacomposer_7uoo_6.pdb,24.133,0.9528469229119589,0.468,0.463,0.0,0.497,51.597,34.57,0.159,,2.472,1.611,0.87,0.0,0.164,0.103,0.121,0.172,0.259,0.476
