,RMSD,P-VALUE,INF-ALL,INF-WC,INF-NWC,INF-STACK,DI,MCQ,TM-score,CAD,BARNABA-RMSD,BARNABA-eRMSD,BARNABA-eSCORE,CLASH,GDT-TS,GDT-TS@1,GDT-TS@2,GDT-TS@4,GDT-TS@8,lDDT
normalized_rnajp_7v94_b.pdb,20.258,0.0002765566079413473,0.555,0.27,,0.672,36.502,24.97,0.172,,2.067,1.926,2.848,0.0,0.127,0.084,0.096,0.133,0.193,0.017
normalized_alphafold3_7v94_b.pdb,20.779,0.0007779374512122406,0.566,0.104,,0.763,36.704,17.64,0.316,,2.149,2.04,3.543,0.0,0.139,0.108,0.12,0.145,0.181,0.432
normalized_rhofold_7v94_b.pdb,22.141,0.008028402195344786,0.178,0.085,,0.255,124.076,59.6,0.161,,2.311,2.581,0.403,0.0,0.093,0.048,0.072,0.096,0.157,0.189
normalized_rnacomposer_7v94_b.pdb,27.218,0.6602734559640508,0.544,0.265,,0.669,50.048,22.75,0.209,,2.839,1.853,2.045,0.0,0.136,0.096,0.108,0.145,0.193,0.411
