,RMSD,P-VALUE,INF-ALL,INF-WC,INF-NWC,INF-STACK,DI,MCQ,TM-score,CAD,BARNABA-RMSD,BARNABA-eRMSD,BARNABA-eSCORE,CLASH,GDT-TS,GDT-TS@1,GDT-TS@2,GDT-TS@4,GDT-TS@8,lDDT
normalized_rnacomposer_7vg2_c.pdb,18.036,0.9641175779079927,0.515,,,0.585,35.043,35.62,0.23,,1.789,1.442,0.534,0.0,0.371,0.229,0.286,0.4,0.571,0.595
normalized_rhofold_7vg2_c.pdb,19.292,0.9937689886565705,0.623,,,0.623,30.952,73.47,0.182,,1.982,0.969,0.377,0.0,0.393,0.171,0.314,0.457,0.629,0.575
normalized_alphafold3_7vg2_c.pdb,23.273,0.9999987623101523,0.693,,,0.78,33.59,16.58,0.244,,2.311,1.49,1.544,0.0,0.436,0.257,0.4,0.486,0.6,0.751
normalized_rnajp_7vg2_c.pdb,27.848,0.9999999999997945,0.576,,,0.658,48.318,31.62,0.141,,2.716,1.453,0.622,0.0,0.321,0.171,0.257,0.4,0.457,0.0
