,RMSD,P-VALUE,INF-ALL,INF-WC,INF-NWC,INF-STACK,DI,MCQ,TM-score,CAD,BARNABA-RMSD,BARNABA-eRMSD,BARNABA-eSCORE,CLASH,GDT-TS,GDT-TS@1,GDT-TS@2,GDT-TS@4,GDT-TS@8,lDDT
normalized_rhofold_7vg2_d.pdb,24.623,0.9999999363412708,0.545,,,0.593,45.22,68.39,0.121,,2.537,1.547,0.24,0.0,0.257,0.139,0.222,0.278,0.389,0.572
normalized_alphafold3_7vg2_d.pdb,27.224,0.999999999991385,0.732,,,0.853,37.168,11.6,0.254,,2.829,1.49,1.915,0.0,0.326,0.25,0.278,0.361,0.417,0.822
normalized_rnacomposer_7vg2_d.pdb,28.412,0.9999999999999254,0.555,,,0.685,51.148,23.1,0.184,,2.91,1.598,0.706,0.0,0.34,0.194,0.306,0.389,0.472,0.623
normalized_rnajp_7vg2_d.pdb,28.971,0.9999999999999931,0.652,,,0.773,44.463,17.41,0.197,,2.995,1.519,1.129,0.0,0.347,0.222,0.306,0.389,0.472,0.042
