,RMSD,P-VALUE,INF-ALL,INF-WC,INF-NWC,INF-STACK,DI,MCQ,TM-score,CAD,BARNABA-RMSD,BARNABA-eRMSD,BARNABA-eSCORE,CLASH,GDT-TS,GDT-TS@1,GDT-TS@2,GDT-TS@4,GDT-TS@8,lDDT
normalized_rhofold_7vti_b.pdb,8.004,1.8107509028864044e-06,0.604,0.667,0.0,0.631,13.253,59.11,0.243,,0.714,1.621,0.604,0.0,0.331,0.175,0.2,0.35,0.6,0.465
normalized_rnajp_7vti_b.pdb,9.559,8.213010861751746e-05,0.667,0.87,,0.611,14.328,30.41,0.228,,0.854,1.507,1.049,0.0,0.319,0.125,0.2,0.35,0.6,0.043
normalized_alphafold3_7vti_b.pdb,10.497,0.0005824136321568862,0.692,0.721,0.0,0.718,15.163,20.16,0.209,,1.004,1.424,1.323,0.0,0.306,0.175,0.2,0.325,0.525,0.563
normalized_rnacomposer_7vti_b.pdb,12.059,0.00866864144186319,0.687,0.866,0.0,0.653,17.565,26.75,0.25,,1.132,1.435,0.662,0.0,0.325,0.175,0.25,0.325,0.55,0.51
