,RMSD,P-VALUE,INF-ALL,INF-WC,INF-NWC,INF-STACK,DI,MCQ,TM-score,CAD,BARNABA-RMSD,BARNABA-eRMSD,BARNABA-eSCORE,CLASH,GDT-TS,GDT-TS@1,GDT-TS@2,GDT-TS@4,GDT-TS@8,lDDT
normalized_rhofold_7vyx_d.pdb,22.709,0.0017016513322049565,0.446,0.0,0.0,0.593,50.932,57.06,0.172,,2.388,1.873,0.751,0.0,0.124,0.077,0.099,0.132,0.187,0.362
normalized_alphafold3_7vyx_d.pdb,23.48,0.0062009179304983175,0.561,0.209,0.0,0.69,41.857,30.24,0.246,,2.434,1.878,1.957,0.0,0.124,0.066,0.099,0.143,0.187,0.453
normalized_rnacomposer_7vyx_d.pdb,24.183,0.01743264069519651,0.413,0.0,0.0,0.585,58.62,36.99,0.188,,2.52,2.011,1.27,0.0,0.124,0.077,0.11,0.132,0.176,0.357
normalized_rnajp_7vyx_d.pdb,25.224,0.062854822265907,0.501,0.245,0.0,0.602,50.359,36.48,0.302,,2.557,1.825,1.44,0.0,0.154,0.088,0.121,0.187,0.22,0.006
