,RMSD,P-VALUE,INF-ALL,INF-WC,INF-NWC,INF-STACK,DI,MCQ,TM-score,CAD,BARNABA-RMSD,BARNABA-eRMSD,BARNABA-eSCORE,CLASH,GDT-TS,GDT-TS@1,GDT-TS@2,GDT-TS@4,GDT-TS@8,lDDT
normalized_rhofold_7x7r_j.pdb,11.176,0.868957361456833,0.16,,,0.16,69.796,73.38,0.105,,1.196,1.164,0.092,0.0,0.1,0.1,0.1,0.1,0.1,0.563
normalized_rnacomposer_7x7r_j.pdb,13.506,0.9921443838453765,0.0,,,0.0,inf,44.95,0.116,,1.317,1.347,0.073,0.0,0.1,0.1,0.1,0.1,0.1,0.455
normalized_rnajp_7x7r_j.pdb,13.91,0.9958563620374985,0.265,,,0.298,52.508,50.26,0.104,,1.366,1.48,0.105,0.0,0.1,0.1,0.1,0.1,0.1,0.0
normalized_alphafold3_7x7r_j.pdb,15.369,0.999720332392689,0.258,,,0.289,59.523,43.44,0.152,,1.512,1.527,0.201,0.0,0.1,0.1,0.1,0.1,0.1,0.583
