,RMSD,P-VALUE,INF-ALL,INF-WC,INF-NWC,INF-STACK,DI,MCQ,TM-score,CAD,BARNABA-RMSD,BARNABA-eRMSD,BARNABA-eSCORE,CLASH,GDT-TS,GDT-TS@1,GDT-TS@2,GDT-TS@4,GDT-TS@8,lDDT
normalized_rhofold_7xfz_e.pdb,25.574,0.9999982853735581,0.386,0.408,,0.433,66.295,71.56,0.149,,2.64,1.672,0.266,0.0,0.18,0.093,0.163,0.186,0.279,0.489
normalized_alphafold3_7xfz_e.pdb,29.922,0.9999999999991604,0.664,0.679,,0.659,45.066,39.03,0.283,,2.97,1.34,1.191,0.0,0.401,0.256,0.395,0.419,0.535,0.657
normalized_rnajp_7xfz_e.pdb,30.1,0.9999999999995905,0.595,0.655,,0.574,50.547,39.18,0.237,,2.974,1.439,1.211,0.0,0.372,0.186,0.372,0.419,0.512,0.052
normalized_rnacomposer_7xfz_e.pdb,32.82,1.0,0.604,0.739,,0.566,54.334,41.44,0.234,,3.251,1.32,0.703,0.0,0.343,0.209,0.349,0.395,0.419,0.629
