,RMSD,P-VALUE,INF-ALL,INF-WC,INF-NWC,INF-STACK,DI,MCQ,TM-score,CAD,BARNABA-RMSD,BARNABA-eRMSD,BARNABA-eSCORE,CLASH,GDT-TS,GDT-TS@1,GDT-TS@2,GDT-TS@4,GDT-TS@8,lDDT
normalized_rnacomposer_8a22_a6.pdb,37.867,0.9999137890535659,0.427,0.5,0.0,0.443,88.637,33.8,0.162,0.19,3.796,1.656,1.39,0.0,0.101,0.055,0.073,0.11,0.165,0.498
normalized_alphafold3_8a22_a6.pdb,39.13,0.9999958731893772,0.548,0.293,0.0,0.648,71.463,20.96,0.176,0.192,3.928,1.835,2.137,0.0,0.119,0.073,0.092,0.128,0.183,0.461
normalized_rnajp_8a22_a6.pdb,41.043,0.9999999831284891,0.52,0.354,0.0,0.595,78.981,27.5,0.168,0.191,4.125,1.666,1.723,0.0,0.099,0.064,0.073,0.092,0.165,0.011
normalized_rhofold_8a22_a6.pdb,44.347,0.9999999999999059,0.0,0.0,0.0,0.0,inf,65.46,0.083,0.083,4.476,2.716,0.592,0.0,0.067,0.028,0.055,0.073,0.11,0.013
