,RMSD,P-VALUE,INF-ALL,INF-WC,INF-NWC,INF-STACK,DI,MCQ,TM-score,CAD,BARNABA-RMSD,BARNABA-eRMSD,BARNABA-eSCORE,CLASH,GDT-TS,GDT-TS@1,GDT-TS@2,GDT-TS@4,GDT-TS@8,lDDT
normalized_rhofold_8a98_5.pdb,15.04,0.0,0.345,0.334,0.0,0.437,43.536,61.41,0.306,,1.543,2.037,1.105,0.0,0.126,0.081,0.09,0.117,0.216,0.404
normalized_rnacomposer_8a98_5.pdb,25.638,0.0006425378635465107,0.412,0.402,0.0,0.461,62.18,32.76,0.224,,2.649,2.014,1.92,0.0,0.119,0.054,0.09,0.126,0.207,0.346
normalized_rnajp_8a98_5.pdb,27.106,0.008115225830595374,0.476,0.279,0.0,0.603,56.952,30.23,0.238,,2.789,2.001,3.137,0.0,0.108,0.054,0.099,0.126,0.153,0.03
normalized_alphafold3_8a98_5.pdb,35.664,0.9906228208894914,0.479,0.248,0.0,0.608,74.446,23.35,0.363,,3.629,2.048,3.026,0.0,0.162,0.072,0.117,0.162,0.297,0.353
