,RMSD,P-VALUE,INF-ALL,INF-WC,INF-NWC,INF-STACK,DI,MCQ,TM-score,CAD,BARNABA-RMSD,BARNABA-eRMSD,BARNABA-eSCORE,CLASH,GDT-TS,GDT-TS@1,GDT-TS@2,GDT-TS@4,GDT-TS@8,lDDT
normalized_rhofold_8ad1_r.pdb,2.97,0.33223649945124994,0.516,,,0.516,5.751,80.31,0.19,,0.329,0.798,0.249,0.0,0.0,0.0,0.0,0.0,0.0,0.589
normalized_rnacomposer_8ad1_r.pdb,6.721,0.9505727846373011,0.333,,,0.333,20.164,51.69,0.11,,0.668,1.431,0.0,0.0,0.0,0.0,0.0,0.0,0.0,0.438
normalized_rnajp_8ad1_r.pdb,7.171,0.9713032174963514,0.516,,,0.577,13.887,29.14,0.193,,0.676,1.099,0.143,0.0,0.0,0.0,0.0,0.0,0.0,0.0
normalized_alphafold3_8ad1_r.pdb,8.665,0.9968368468313512,0.612,,,0.707,14.15,32.72,0.307,,0.855,1.287,0.09,0.0,0.0,0.0,0.0,0.0,0.0,0.744
