,RMSD,P-VALUE,INF-ALL,INF-WC,INF-NWC,INF-STACK,DI,MCQ,TM-score,CAD,BARNABA-RMSD,BARNABA-eRMSD,BARNABA-eSCORE,CLASH,GDT-TS,GDT-TS@1,GDT-TS@2,GDT-TS@4,GDT-TS@8,lDDT
normalized_rhofold_8apo_a2.pdb,37.016,0.9999999993732052,0.21,0.0,,0.304,176.233,72.97,0.123,0.521,3.704,2.302,0.528,0.0,0.117,0.062,0.086,0.148,0.173,0.239
normalized_alphafold3_8apo_a2.pdb,40.569,0.9999999999999996,0.47,0.06,,0.588,86.391,24.47,0.157,0.645,4.039,2.067,2.339,0.0,0.139,0.086,0.136,0.148,0.185,0.461
normalized_rnacomposer_8apo_a2.pdb,41.581,1.0,0.395,0.0,,0.519,105.264,29.55,0.188,0.633,4.149,1.899,1.496,0.0,0.154,0.086,0.136,0.185,0.21,0.4
normalized_rnajp_8apo_a2.pdb,42.385,1.0,0.44,0.0,,0.586,96.39,30.26,0.146,0.625,4.224,1.994,2.011,0.0,0.148,0.074,0.148,0.161,0.21,0.013
