,RMSD,P-VALUE,INF-ALL,INF-WC,INF-NWC,INF-STACK,DI,MCQ,TM-score,CAD,BARNABA-RMSD,BARNABA-eRMSD,BARNABA-eSCORE,CLASH,GDT-TS,GDT-TS@1,GDT-TS@2,GDT-TS@4,GDT-TS@8,lDDT
normalized_rnacomposer_8apo_a1.pdb,29.758,0.22707311517937134,0.396,0.316,0.0,0.459,75.148,30.6,0.214,0.565,3.034,1.724,1.077,0.0,0.165,0.064,0.119,0.211,0.266,0.34
normalized_rhofold_8apo_a1.pdb,31.571,0.602032400965174,0.07,0.0,0.0,0.11,452.243,67.06,0.15,0.411,3.174,2.554,0.646,0.0,0.08,0.037,0.055,0.083,0.147,0.082
normalized_alphafold3_8apo_a1.pdb,34.132,0.9536518832433878,0.51,0.365,0.32,0.577,66.89,22.37,0.219,0.614,3.446,1.875,2.073,0.0,0.17,0.128,0.156,0.174,0.22,0.353
normalized_rnajp_8apo_a1.pdb,35.286,0.9899060776811448,0.408,0.323,0.0,0.479,86.411,31.64,0.241,0.561,3.572,1.831,1.609,0.0,0.183,0.083,0.147,0.229,0.275,0.01
