,RMSD,P-VALUE,INF-ALL,INF-WC,INF-NWC,INF-STACK,DI,MCQ,TM-score,CAD,BARNABA-RMSD,BARNABA-eRMSD,BARNABA-eSCORE,CLASH,GDT-TS,GDT-TS@1,GDT-TS@2,GDT-TS@4,GDT-TS@8,lDDT
normalized_rnacomposer_8apo_a9.pdb,10.734,4.116151863797768e-13,0.655,0.699,,0.648,16.381,30.21,0.304,0.629,1.116,1.617,1.464,0.0,0.362,0.188,0.261,0.391,0.609,0.537
normalized_rnajp_8apo_a9.pdb,11.156,2.2178925362936752e-12,0.709,0.685,,0.726,15.731,28.19,0.273,0.66,1.17,1.571,2.124,0.0,0.326,0.174,0.261,0.377,0.493,0.125
normalized_alphafold3_8apo_a9.pdb,11.394,5.5883075944507254e-12,0.662,0.685,,0.66,17.199,22.52,0.287,0.656,1.209,1.647,2.131,0.0,0.323,0.203,0.246,0.319,0.522,0.548
normalized_rhofold_8apo_a9.pdb,12.109,8.132461370990995e-11,0.459,0.424,,0.543,26.366,60.38,0.297,0.594,1.268,1.766,0.652,0.0,0.268,0.101,0.188,0.319,0.464,0.444
