,RMSD,P-VALUE,INF-ALL,INF-WC,INF-NWC,INF-STACK,DI,MCQ,TM-score,CAD,BARNABA-RMSD,BARNABA-eRMSD,BARNABA-eSCORE,CLASH,GDT-TS,GDT-TS@1,GDT-TS@2,GDT-TS@4,GDT-TS@8,lDDT
normalized_alphafold3_8apo_b1.pdb,34.316,0.9925944937583412,0.436,0.192,0.0,0.514,78.675,21.32,0.176,,3.415,1.841,2.579,0.0,0.169,0.088,0.108,0.196,0.284,0.497
normalized_rnajp_8apo_b1.pdb,35.047,0.9977668495752664,0.385,0.0,0.0,0.494,91.037,28.34,0.145,,3.567,1.931,2.495,0.0,0.145,0.059,0.108,0.176,0.235,0.043
normalized_rnacomposer_8apo_b1.pdb,35.182,0.998239139600511,0.391,0.0,0.0,0.514,89.958,29.9,0.131,,3.524,1.881,1.804,0.0,0.101,0.059,0.078,0.108,0.157,0.439
normalized_rhofold_8apo_b1.pdb,39.062,0.999999804925777,0.134,0.0,0.0,0.2,291.944,61.35,0.122,,3.931,2.628,0.742,0.0,0.081,0.039,0.059,0.098,0.128,0.151
