,RMSD,P-VALUE,INF-ALL,INF-WC,INF-NWC,INF-STACK,DI,MCQ,TM-score,CAD,BARNABA-RMSD,BARNABA-eRMSD,BARNABA-eSCORE,CLASH,GDT-TS,GDT-TS@1,GDT-TS@2,GDT-TS@4,GDT-TS@8,lDDT
normalized_rnacomposer_8bvj_b.pdb,20.877,0.6061049934782679,0.392,0.612,,0.364,53.262,47.97,0.208,,2.099,1.408,0.512,0.0,0.145,0.091,0.127,0.164,0.2,0.536
normalized_alphafold3_8bvj_b.pdb,25.577,0.9980152747512094,0.416,0.5,0.0,0.422,61.433,47.18,0.262,,2.572,1.816,0.647,0.0,0.145,0.091,0.127,0.164,0.2,0.55
normalized_rnajp_8bvj_b.pdb,25.781,0.9986221517944642,0.469,0.612,0.0,0.479,55.021,49.77,0.214,,2.565,1.513,0.574,0.0,0.159,0.109,0.145,0.182,0.2,0.029
normalized_rhofold_8bvj_b.pdb,26.976,0.999872670513995,0.472,0.522,0.0,0.508,57.211,72.05,0.183,,2.709,1.593,0.486,0.0,0.132,0.073,0.109,0.145,0.2,0.548
