,RMSD,P-VALUE,INF-ALL,INF-WC,INF-NWC,INF-STACK,DI,MCQ,TM-score,CAD,BARNABA-RMSD,BARNABA-eRMSD,BARNABA-eSCORE,CLASH,GDT-TS,GDT-TS@1,GDT-TS@2,GDT-TS@4,GDT-TS@8,lDDT
normalized_rhofold_8ccs_dd.pdb,4.692,0.3033937663981907,0.218,,,0.218,21.503,68.76,0.144,,0.402,0.989,0.232,0.0,0.077,0.077,0.077,0.077,0.077,0.519
normalized_rnacomposer_8ccs_dd.pdb,7.31,0.8262794736435348,0.714,,,0.714,10.234,22.77,0.111,,0.711,0.998,0.186,0.0,0.077,0.077,0.077,0.077,0.077,0.61
normalized_rnajp_8ccs_dd.pdb,16.223,0.9999999980832295,0.546,,,0.668,29.737,28.88,0.142,,1.465,1.517,0.156,0.0,0.077,0.077,0.077,0.077,0.077,0.033
normalized_alphafold3_8ccs_dd.pdb,16.558,0.9999999993885991,0.456,,,0.571,36.324,36.61,0.151,,1.502,1.673,0.229,0.0,0.077,0.077,0.077,0.077,0.077,0.5
