,RMSD,P-VALUE,INF-ALL,INF-WC,INF-NWC,INF-STACK,DI,MCQ,TM-score,CAD,BARNABA-RMSD,BARNABA-eRMSD,BARNABA-eSCORE,CLASH,GDT-TS,GDT-TS@1,GDT-TS@2,GDT-TS@4,GDT-TS@8,lDDT
normalized_rnajp_8ctl_c.pdb,29.746,2.3177182395528462e-11,0.602,0.685,0.0,0.599,49.404,29.63,0.23,,3.054,1.621,3.701,0.0,0.065,0.038,0.049,0.076,0.098,0.016
normalized_rhofold_8ctl_c.pdb,32.845,5.837690640331239e-07,0.034,0.0,0.0,0.059,972.109,72.87,0.157,,3.343,2.861,0.935,0.0,0.052,0.022,0.038,0.06,0.087,0.019
normalized_rnacomposer_8ctl_c.pdb,33.761,6.7438602133762515e-06,0.64,0.786,0.286,0.593,52.741,31.33,0.173,,3.419,1.555,3.274,0.0,0.061,0.033,0.043,0.076,0.092,0.486
normalized_alphafold3_8ctl_c.pdb,46.659,0.9975488117696223,0.55,0.336,0.0,0.66,84.879,23.46,0.214,,4.73,2.066,4.854,0.0,0.095,0.06,0.087,0.098,0.136,0.355
