,RMSD,P-VALUE,INF-ALL,INF-WC,INF-NWC,INF-STACK,DI,MCQ,TM-score,CAD,BARNABA-RMSD,BARNABA-eRMSD,BARNABA-eSCORE,CLASH,GDT-TS,GDT-TS@1,GDT-TS@2,GDT-TS@4,GDT-TS@8,lDDT
normalized_alphafold3_8d29_r.pdb,6.071,1.53497470600783e-06,0.787,0.822,,0.788,7.718,19.47,0.265,,0.682,1.016,1.062,0.0,0.581,0.353,0.529,0.647,0.794,0.733
normalized_rhofold_8d29_r.pdb,7.038,1.822007191837338e-05,0.676,0.572,0.0,0.759,10.41,48.99,0.198,,0.785,1.295,0.66,0.0,0.507,0.294,0.382,0.618,0.735,0.661
normalized_rnacomposer_8d29_r.pdb,7.041,1.838753882632549e-05,0.651,0.8,0.0,0.648,10.82,29.82,0.205,,0.732,1.261,0.575,0.0,0.485,0.206,0.324,0.588,0.824,0.627
normalized_rnajp_8d29_r.pdb,7.507,5.4819302198916287e-05,0.582,0.527,0.0,0.656,12.891,27.31,0.266,,0.823,1.75,0.66,0.0,0.493,0.324,0.353,0.559,0.735,0.028
