,RMSD,P-VALUE,INF-ALL,INF-WC,INF-NWC,INF-STACK,DI,MCQ,TM-score,CAD,BARNABA-RMSD,BARNABA-eRMSD,BARNABA-eSCORE,CLASH,GDT-TS,GDT-TS@1,GDT-TS@2,GDT-TS@4,GDT-TS@8,lDDT
normalized_rhofold_8d4a_b.pdb,6.061,2.1054731291769713e-09,0.717,0.833,0.408,0.738,8.457,56.42,0.305,,0.602,1.005,0.434,0.0,0.567,0.244,0.463,0.634,0.927,0.581
normalized_rnajp_8d4a_b.pdb,15.197,0.21186870970797073,0.69,0.645,0.0,0.802,22.039,23.38,0.202,,1.643,1.45,1.075,0.0,0.354,0.22,0.293,0.415,0.488,0.006
normalized_rnacomposer_8d4a_b.pdb,15.557,0.2742566221391358,0.472,0.722,,0.458,32.991,35.43,0.169,,1.645,1.692,0.453,0.0,0.311,0.146,0.244,0.39,0.463,0.472
normalized_alphafold3_8d4a_b.pdb,17.34,0.651822075905383,0.702,0.707,0.0,0.783,24.696,15.17,0.249,,1.839,1.477,1.255,0.0,0.372,0.244,0.342,0.415,0.488,0.623
