,RMSD,P-VALUE,INF-ALL,INF-WC,INF-NWC,INF-STACK,DI,MCQ,TM-score,CAD,BARNABA-RMSD,BARNABA-eRMSD,BARNABA-eSCORE,CLASH,GDT-TS,GDT-TS@1,GDT-TS@2,GDT-TS@4,GDT-TS@8,lDDT
normalized_rnacomposer_8dc2_b.pdb,14.169,0.0018849189235271013,0.509,0.763,0.0,0.491,27.836,34.63,0.201,,1.442,1.416,0.774,0.0,0.279,0.098,0.196,0.314,0.51,0.555
normalized_rhofold_8dc2_b.pdb,17.682,0.17219204632428914,0.697,0.7,0.0,0.717,25.367,68.29,0.222,,1.857,1.386,0.725,0.0,0.255,0.118,0.196,0.255,0.451,0.556
normalized_alphafold3_8dc2_b.pdb,19.647,0.5580745067192865,0.716,0.73,0.0,0.731,27.427,17.76,0.255,,2.058,1.205,1.607,0.0,0.328,0.137,0.235,0.353,0.588,0.682
normalized_rnajp_8dc2_b.pdb,20.336,0.7015656998458778,0.681,0.763,0.0,0.677,29.846,25.55,0.334,,2.113,1.322,1.196,0.0,0.348,0.118,0.235,0.392,0.647,0.023
