,RMSD,P-VALUE,INF-ALL,INF-WC,INF-NWC,INF-STACK,DI,MCQ,TM-score,CAD,BARNABA-RMSD,BARNABA-eRMSD,BARNABA-eSCORE,CLASH,GDT-TS,GDT-TS@1,GDT-TS@2,GDT-TS@4,GDT-TS@8,lDDT
normalized_rhofold_8e6w_8.pdb,28.08,0.9999447111936641,0.187,,,0.207,149.906,66.27,0.087,,2.749,1.336,0.383,0.0,0.125,0.069,0.103,0.138,0.19,0.489
normalized_rnajp_8e6w_8.pdb,31.887,0.9999999988905488,0.088,,,0.095,362.162,56.34,0.089,,3.15,1.566,0.477,0.0,0.134,0.069,0.086,0.155,0.224,0.015
normalized_rnacomposer_8e6w_8.pdb,35.326,0.9999999999999984,0.18,,,0.207,195.894,56.78,0.082,,3.505,1.963,0.67,0.0,0.125,0.069,0.103,0.138,0.19,0.206
normalized_alphafold3_8e6w_8.pdb,35.385,0.9999999999999989,0.144,,,0.167,245.156,58.1,0.096,,3.512,1.853,0.785,0.0,0.142,0.086,0.103,0.155,0.224,0.502
