,RMSD,P-VALUE,INF-ALL,INF-WC,INF-NWC,INF-STACK,DI,MCQ,TM-score,CAD,BARNABA-RMSD,BARNABA-eRMSD,BARNABA-eSCORE,CLASH,GDT-TS,GDT-TS@1,GDT-TS@2,GDT-TS@4,GDT-TS@8,lDDT
normalized_rnacomposer_8ewg_b.pdb,16.176,0.006595764582192354,0.342,0.306,,0.374,47.316,42.7,0.228,,1.688,1.953,0.83,0.0,0.188,0.125,0.143,0.196,0.286,0.467
normalized_rnajp_8ewg_b.pdb,19.101,0.19664499137119007,0.298,0.333,0.0,0.304,64.067,44.03,0.209,,1.966,1.939,1.114,0.0,0.196,0.089,0.161,0.214,0.321,0.022
normalized_rhofold_8ewg_b.pdb,19.666,0.2945702795786261,0.249,0.185,0.0,0.309,78.908,62.78,0.181,,2.009,2.047,0.554,0.0,0.179,0.089,0.143,0.196,0.286,0.407
normalized_alphafold3_8ewg_b.pdb,24.983,0.9921080334859482,0.215,0.0,0.0,0.306,116.362,39.92,0.197,,2.586,2.221,1.178,0.0,0.183,0.107,0.143,0.214,0.268,0.364
