,RMSD,P-VALUE,INF-ALL,INF-WC,INF-NWC,INF-STACK,DI,MCQ,TM-score,CAD,BARNABA-RMSD,BARNABA-eRMSD,BARNABA-eSCORE,CLASH,GDT-TS,GDT-TS@1,GDT-TS@2,GDT-TS@4,GDT-TS@8,lDDT
normalized_rhofold_8ex9_b.pdb,20.589,1.0560385943492179e-07,0.239,0.122,0.0,0.358,86.242,57.28,0.214,,,,0.688,0.0,0.086,0.049,0.069,0.088,0.137,0.294
normalized_alphafold3_8ex9_b.pdb,23.244,0.0001021295642568143,0.683,0.429,0.447,0.794,34.028,16.39,0.32,,,,2.642,0.0,0.101,0.069,0.088,0.108,0.137,0.482
normalized_rnacomposer_8ex9_b.pdb,26.056,0.015704038589366365,0.483,0.442,0.0,0.525,53.92,28.25,0.181,,,,1.586,0.0,0.088,0.059,0.069,0.078,0.147,0.392
normalized_rnajp_8ex9_b.pdb,28.67,0.24208131419312218,0.576,0.417,0.0,0.668,49.746,23.32,0.219,,,,2.509,0.0,0.093,0.059,0.069,0.098,0.147,0.009
