,RMSD,P-VALUE,INF-ALL,INF-WC,INF-NWC,INF-STACK,DI,MCQ,TM-score,CAD,BARNABA-RMSD,BARNABA-eRMSD,BARNABA-eSCORE,CLASH,GDT-TS,GDT-TS@1,GDT-TS@2,GDT-TS@4,GDT-TS@8,lDDT
normalized_rhofold_8f0n_b.pdb,7.882,5.308885553390041e-10,0.564,0.555,0.0,0.683,13.982,61.39,0.293,,,,0.523,0.0,0.388,0.143,0.327,0.408,0.673,0.355
normalized_rnacomposer_8f0n_b.pdb,11.9,5.489282169940379e-05,0.504,0.815,,0.471,23.631,34.75,0.227,,,,0.668,0.0,0.291,0.225,0.245,0.306,0.388,0.424
normalized_alphafold3_8f0n_b.pdb,13.369,0.001138319560154033,0.579,0.846,0.0,0.612,23.102,30.22,0.281,,,,1.042,0.0,0.383,0.245,0.306,0.388,0.592,0.473
normalized_rnajp_8f0n_b.pdb,14.74,0.011018775042758777,0.576,0.74,0.0,0.644,25.59,32.97,0.215,,,,1.0,0.0,0.291,0.184,0.245,0.306,0.429,0.054
