,RMSD,P-VALUE,INF-ALL,INF-WC,INF-NWC,INF-STACK,DI,MCQ,TM-score,CAD,BARNABA-RMSD,BARNABA-eRMSD,BARNABA-eSCORE,CLASH,GDT-TS,GDT-TS@1,GDT-TS@2,GDT-TS@4,GDT-TS@8,lDDT
normalized_alphafold3_8ffy_c.pdb,3.067,0.0,0.744,0.858,0.0,0.707,4.122,14.6,0.562,,0.308,0.906,1.967,0.0,0.316,0.147,0.262,0.41,0.443,0.68
normalized_rhofold_8ffy_c.pdb,5.148,0.0,0.633,0.651,0.0,0.676,8.136,41.27,0.43,,0.503,1.355,1.135,0.0,0.275,0.131,0.23,0.295,0.443,0.569
normalized_rnajp_8ffy_c.pdb,13.532,2.0281420654022497e-06,0.383,0.191,0.0,0.491,35.361,26.2,0.276,,1.417,1.891,1.98,0.0,0.139,0.098,0.115,0.147,0.197,0.043
normalized_rnacomposer_8ffy_c.pdb,19.825,0.13299326807881984,0.464,0.217,,0.595,42.694,28.77,0.286,,2.064,1.984,1.119,0.0,0.123,0.082,0.115,0.131,0.164,0.382
