,RMSD,P-VALUE,INF-ALL,INF-WC,INF-NWC,INF-STACK,DI,MCQ,TM-score,CAD,BARNABA-RMSD,BARNABA-eRMSD,BARNABA-eSCORE,CLASH,GDT-TS,GDT-TS@1,GDT-TS@2,GDT-TS@4,GDT-TS@8,lDDT
normalized_rnajp_8fn6_g.pdb,5.983,9.981238058287545e-12,,,,,,22.63,0.441,,0.592,0.953,2.952,0.0,0.658,0.283,0.609,0.826,0.913,0.301
normalized_alphafold3_8fn6_g.pdb,8.56,6.651543554836437e-08,,,,,,16.7,0.483,,0.922,1.665,3.991,0.0,0.554,0.261,0.37,0.739,0.848,0.633
normalized_rhofold_8fn6_g.pdb,9.566,1.2020552477287616e-06,,,,,,51.14,0.38,,1.02,1.355,1.066,0.0,0.603,0.261,0.587,0.739,0.826,0.655
normalized_rnacomposer_8fn6_g.pdb,9.639,1.4655691422116313e-06,,,,,,24.28,0.392,,0.976,1.689,2.618,0.0,0.489,0.261,0.37,0.457,0.87,0.56
