,RMSD,P-VALUE,INF-ALL,INF-WC,INF-NWC,INF-STACK,DI,MCQ,TM-score,CAD,BARNABA-RMSD,BARNABA-eRMSD,BARNABA-eSCORE,CLASH,GDT-TS,GDT-TS@1,GDT-TS@2,GDT-TS@4,GDT-TS@8,lDDT
normalized_alphafold3_8gh6_r.pdb,15.458,0.3727824940233979,0.55,0.381,0.0,0.643,28.105,23.03,0.227,,1.623,1.77,1.355,0.0,0.179,0.154,0.179,0.179,0.205,0.52
normalized_rnacomposer_8gh6_r.pdb,15.757,0.43700617832223143,0.506,0.402,0.0,0.582,31.117,33.02,0.196,,1.632,1.823,0.878,0.0,0.167,0.128,0.154,0.179,0.205,0.48
normalized_rnajp_8gh6_r.pdb,15.899,0.46827569211495,0.535,0.402,0.0,0.629,29.744,32.18,0.231,,1.6,1.729,1.111,0.0,0.167,0.128,0.154,0.179,0.205,0.018
normalized_rhofold_8gh6_r.pdb,21.248,0.998086229648061,0.269,0.0,0.0,0.387,79.009,77.02,0.106,,2.206,2.083,0.298,0.0,0.167,0.128,0.154,0.179,0.205,0.302
