,RMSD,P-VALUE,INF-ALL,INF-WC,INF-NWC,INF-STACK,DI,MCQ,TM-score,CAD,BARNABA-RMSD,BARNABA-eRMSD,BARNABA-eSCORE,CLASH,GDT-TS,GDT-TS@1,GDT-TS@2,GDT-TS@4,GDT-TS@8,lDDT
normalized_rnacomposer_8gkh_w.pdb,17.469,1.163178394125719e-05,0.7,0.906,,0.609,24.947,31.7,0.216,,1.859,1.259,1.111,0.0,0.243,0.158,0.21,0.237,0.368,0.57
normalized_rhofold_8gkh_w.pdb,27.903,0.9412958287514743,0.401,0.0,,0.566,69.55,54.61,0.267,,2.863,1.96,0.601,0.0,0.155,0.079,0.132,0.184,0.224,0.337
normalized_alphafold3_8gkh_w.pdb,32.064,0.9999472032418802,0.444,0.0,,0.63,72.248,22.23,0.314,,3.281,2.104,2.896,0.0,0.178,0.105,0.171,0.197,0.237,0.392
normalized_rnajp_8gkh_w.pdb,32.603,0.9999852299561633,0.417,0.0,,0.587,78.126,32.36,0.293,,3.323,1.982,2.126,0.0,0.155,0.079,0.118,0.158,0.263,0.035
