,RMSD,P-VALUE,INF-ALL,INF-WC,INF-NWC,INF-STACK,DI,MCQ,TM-score,CAD,BARNABA-RMSD,BARNABA-eRMSD,BARNABA-eSCORE,CLASH,GDT-TS,GDT-TS@1,GDT-TS@2,GDT-TS@4,GDT-TS@8,lDDT
normalized_alphafold3_8gxb_b.pdb,9.071,6.855072065548029e-13,0.667,0.897,0.342,0.662,13.598,20.4,0.313,,0.939,1.711,1.306,0.0,0.402,0.18,0.311,0.475,0.639,0.534
normalized_rhofold_8gxb_b.pdb,13.645,2.7334088097408227e-06,0.338,0.109,0.0,0.477,40.397,68.65,0.177,,1.473,2.287,0.312,0.0,0.197,0.082,0.147,0.213,0.344,0.266
normalized_rnajp_8gxb_b.pdb,19.924,0.14520303600744955,0.535,0.403,0.0,0.659,37.258,28.75,0.255,,2.086,1.97,0.878,0.0,0.311,0.164,0.279,0.344,0.459,0.003
normalized_rnacomposer_8gxb_b.pdb,24.266,0.9122396688222715,0.536,0.772,,0.523,45.239,31.44,0.252,,2.493,1.779,0.69,0.0,0.307,0.18,0.295,0.361,0.393,0.376
