,RMSD,P-VALUE,INF-ALL,INF-WC,INF-NWC,INF-STACK,DI,MCQ,TM-score,CAD,BARNABA-RMSD,BARNABA-eRMSD,BARNABA-eSCORE,CLASH,GDT-TS,GDT-TS@1,GDT-TS@2,GDT-TS@4,GDT-TS@8,lDDT
normalized_rhofold_8hb8_a.pdb,13.194,3.1751614253228144e-05,0.443,0.418,0.0,0.546,29.807,68.08,0.265,0.498,,,0.672,0.0,0.336,0.145,0.236,0.382,0.582,0.358
normalized_alphafold3_8hb8_a.pdb,13.771,0.00011734428279802644,0.482,0.358,0.0,0.6,28.563,23.67,0.261,0.539,,,1.531,0.0,0.341,0.164,0.273,0.4,0.527,0.33
normalized_rnajp_8hb8_a.pdb,20.793,0.5880569046195103,0.357,0.4,0.0,0.4,58.196,33.63,0.23,0.486,,,1.01,0.0,0.268,0.145,0.236,0.327,0.364,0.002
normalized_rnacomposer_8hb8_a.pdb,22.66,0.8961312367528673,0.519,0.615,,0.552,43.702,26.34,0.182,0.514,,,0.955,0.0,0.227,0.145,0.164,0.255,0.345,0.289
