,RMSD,P-VALUE,INF-ALL,INF-WC,INF-NWC,INF-STACK,DI,MCQ,TM-score,CAD,BARNABA-RMSD,BARNABA-eRMSD,BARNABA-eSCORE,CLASH,GDT-TS,GDT-TS@1,GDT-TS@2,GDT-TS@4,GDT-TS@8,lDDT
normalized_rhofold_8hud_b.pdb,4.234,0.0,0.709,0.849,0.0,0.686,5.975,51.78,0.464,,0.441,0.897,0.875,0.0,0.59,0.208,0.417,0.75,0.986,0.652
normalized_alphafold3_8hud_b.pdb,14.698,5.483907106196284e-08,0.731,0.809,0.408,0.726,20.096,17.71,0.422,,1.434,1.177,1.986,0.0,0.493,0.25,0.444,0.556,0.722,0.739
normalized_rnacomposer_8hud_b.pdb,18.343,0.0005102358061780943,0.778,0.809,0.707,0.768,23.577,22.69,0.309,,1.809,1.329,1.283,0.0,0.368,0.153,0.222,0.458,0.639,0.639
normalized_rnajp_8hud_b.pdb,18.716,0.0010423131920292983,0.71,0.794,0.577,0.686,26.352,25.41,0.336,,1.826,1.265,1.926,0.0,0.399,0.167,0.361,0.444,0.625,0.035
