,RMSD,P-VALUE,INF-ALL,INF-WC,INF-NWC,INF-STACK,DI,MCQ,TM-score,CAD,BARNABA-RMSD,BARNABA-eRMSD,BARNABA-eSCORE,CLASH,GDT-TS,GDT-TS@1,GDT-TS@2,GDT-TS@4,GDT-TS@8,lDDT
normalized_rnacomposer_8ibw_d.pdb,11.556,0.006351913725885172,0.741,0.832,,0.714,15.603,37.09,0.217,,1.254,1.34,0.613,0.0,0.186,0.128,0.179,0.205,0.231,0.534
normalized_alphafold3_8ibw_d.pdb,11.648,0.007324768780626101,0.69,0.741,,0.684,16.873,26.22,0.264,,1.147,1.53,1.33,0.0,0.199,0.154,0.179,0.205,0.256,0.59
normalized_rnajp_8ibw_d.pdb,12.111,0.01448347120797483,0.598,0.667,0.0,0.598,20.248,32.08,0.242,,1.207,1.658,1.298,0.0,0.199,0.154,0.179,0.205,0.256,0.031
normalized_rhofold_8ibw_d.pdb,22.691,0.9998896636469342,0.369,0.392,0.0,0.424,61.5,74.57,0.178,,2.322,1.724,0.178,0.0,0.179,0.103,0.154,0.205,0.256,0.343
