,RMSD,P-VALUE,INF-ALL,INF-WC,INF-NWC,INF-STACK,DI,MCQ,TM-score,CAD,BARNABA-RMSD,BARNABA-eRMSD,BARNABA-eSCORE,CLASH,GDT-TS,GDT-TS@1,GDT-TS@2,GDT-TS@4,GDT-TS@8,lDDT
normalized_rhofold_8j26_d.pdb,12.862,0.0007222193452323111,0.318,0.378,0.0,0.331,40.437,76.4,0.158,,1.385,2.03,0.37,0.0,0.245,0.104,0.188,0.292,0.396,0.383
normalized_rnacomposer_8j26_d.pdb,13.808,0.003907778208172008,0.283,0.458,,0.225,48.78,56.67,0.161,,1.465,2.095,0.376,0.0,0.234,0.104,0.146,0.292,0.396,0.338
normalized_alphafold3_8j26_d.pdb,16.741,0.1513179310503059,0.312,0.472,,0.273,53.705,55.49,0.161,,1.689,2.027,0.466,0.0,0.219,0.104,0.167,0.25,0.354,0.344
normalized_rnajp_8j26_d.pdb,20.436,0.8466268062668665,0.354,0.472,0.0,0.343,57.801,53.94,0.207,,2.108,2.019,0.505,0.0,0.219,0.104,0.167,0.25,0.354,0.036
