,RMSD,P-VALUE,INF-ALL,INF-WC,INF-NWC,INF-STACK,DI,MCQ,TM-score,CAD,BARNABA-RMSD,BARNABA-eRMSD,BARNABA-eSCORE,CLASH,GDT-TS,GDT-TS@1,GDT-TS@2,GDT-TS@4,GDT-TS@8,lDDT
normalized_rhofold_8ova_be.pdb,23.165,0.0,0.264,0.222,0.0,0.358,87.866,63.36,0.256,,2.398,2.392,1.351,0.0,0.068,0.032,0.043,0.074,0.122,0.291
normalized_rnajp_8ova_be.pdb,34.688,2.032066743068439e-05,0.411,0.387,0.0,0.46,84.37,33.85,0.225,,3.52,1.957,4.28,0.0,0.07,0.037,0.064,0.074,0.106,0.029
normalized_rnacomposer_8ova_be.pdb,36.468,0.0009199738609140251,0.45,0.475,0.0,0.48,81.014,32.12,0.19,,3.693,1.881,3.404,0.0,0.067,0.037,0.048,0.069,0.112,0.347
normalized_alphafold3_8ova_be.pdb,43.661,0.8108537246494747,0.551,0.582,0.086,0.583,79.293,22.76,0.199,,4.398,1.756,5.29,0.0,0.064,0.037,0.048,0.069,0.101,0.472
