,RMSD,P-VALUE,INF-ALL,INF-WC,INF-NWC,INF-STACK,DI,MCQ,TM-score,CAD,BARNABA-RMSD,BARNABA-eRMSD,BARNABA-eSCORE,CLASH,GDT-TS,GDT-TS@1,GDT-TS@2,GDT-TS@4,GDT-TS@8,lDDT
normalized_rhofold_8qz8_v.pdb,15.66,0.8008344946032822,0.091,0.0,,0.12,171.542,81.62,0.073,,1.584,1.579,0.195,0.0,0.204,0.121,0.151,0.212,0.333,0.419
normalized_alphafold3_8qz8_v.pdb,16.988,0.9432403929921755,0.231,0.0,,0.31,73.501,41.54,0.2,,1.702,2.004,0.986,0.0,0.288,0.182,0.273,0.333,0.364,0.449
normalized_rnacomposer_8qz8_v.pdb,17.012,0.9447532495936776,0.231,0.0,,0.307,73.664,38.56,0.161,,1.681,1.708,0.537,0.0,0.204,0.091,0.151,0.242,0.333,0.486
normalized_rnajp_8qz8_v.pdb,21.454,0.9999758358773936,0.251,0.0,,0.354,85.385,44.65,0.161,,2.199,1.824,0.585,0.0,0.235,0.151,0.212,0.242,0.333,0.047
