,RMSD,P-VALUE,INF-ALL,INF-WC,INF-NWC,INF-STACK,DI,MCQ,TM-score,CAD,BARNABA-RMSD,BARNABA-eRMSD,BARNABA-eSCORE,CLASH,GDT-TS,GDT-TS@1,GDT-TS@2,GDT-TS@4,GDT-TS@8,lDDT
normalized_alphafold3_8t29_r.pdb,13.044,1.1102230246251565e-16,0.77,0.884,0.0,0.75,16.945,23.54,0.487,,1.368,1.27,2.609,0.0,0.492,0.178,0.344,0.7,0.744,0.533
normalized_rnajp_8t29_r.pdb,19.471,1.8703587862933801e-06,0.646,0.678,0.224,0.659,30.154,28.9,0.369,,2.031,1.607,2.238,0.0,0.317,0.156,0.311,0.378,0.422,0.064
normalized_rhofold_8t29_r.pdb,19.936,6.291124766688583e-06,0.638,0.702,0.0,0.654,31.265,53.93,0.29,,2.106,1.651,1.298,0.0,0.275,0.089,0.222,0.356,0.433,0.448
normalized_rnacomposer_8t29_r.pdb,22.572,0.0018506818848742501,0.561,0.635,0.224,0.551,40.215,34.78,0.29,,2.297,1.68,1.717,0.0,0.256,0.133,0.256,0.3,0.333,0.459
