,RMSD,P-VALUE,INF-ALL,INF-WC,INF-NWC,INF-STACK,DI,MCQ,TM-score,CAD,BARNABA-RMSD,BARNABA-eRMSD,BARNABA-eSCORE,CLASH,GDT-TS,GDT-TS@1,GDT-TS@2,GDT-TS@4,GDT-TS@8,lDDT
normalized_alphafold3_8upt_a.pdb,3.764,0.0,0.777,0.854,0.671,0.76,4.842,31.87,0.597,0.812,0.36,1.049,1.329,0.0,0.69,0.282,0.578,0.915,0.986,0.673
normalized_rhofold_8upt_a.pdb,4.347,0.0,0.724,0.836,0.0,0.726,6.004,48.89,0.515,0.753,0.427,1.17,0.854,0.0,0.592,0.141,0.38,0.873,0.972,0.597
normalized_rnacomposer_8upt_a.pdb,14.956,2.2155889434216647e-07,0.613,0.58,0.0,0.664,24.416,39.7,0.258,0.626,1.521,1.761,0.892,0.0,0.342,0.155,0.239,0.38,0.592,0.413
normalized_rnajp_8upt_a.pdb,19.564,0.006395675848518523,0.597,0.58,0.258,0.63,32.748,38.54,0.309,0.66,1.996,1.745,1.124,0.0,0.338,0.141,0.296,0.408,0.507,0.023
